"dataset","original_name","clade","alignment","relabelled_names"
"Borowiec2015","Acyrthosiphon","Bilateria","Best108","Acyrthosiphon_pisum"
"Borowiec2015","Anolis","Bilateria","Best108","Anolis_carolinensis"
"Borowiec2015","Apis","Bilateria","Best108","Apis_mellifera"
"Borowiec2015","Bombus","Bilateria","Best108","Bombus_terrestris"
"Borowiec2015","Branchiostoma","Bilateria","Best108","Branchiostoma_floridae"
"Borowiec2015","Brugia","Bilateria","Best108","Brugia_malayi"
"Borowiec2015","Caenorhabditis","Bilateria","Best108","Caenorhabditis_elegans"
"Borowiec2015","Capitella","Bilateria","Best108","Capitella_teleta"
"Borowiec2015","Ciona","Bilateria","Best108","Ciona_savignyi"
"Borowiec2015","Danaus","Bilateria","Best108","Danaus_plexippus"
"Borowiec2015","Daphnia","Bilateria","Best108","Daphnia_magna"
"Borowiec2015","Drosophila","Bilateria","Best108","Drosophila_melanogaster"
"Borowiec2015","Fugu","Bilateria","Best108","Fugu"
"Borowiec2015","Gallus","Bilateria","Best108","Gallus_gallus"
"Borowiec2015","Gasterosteus","Bilateria","Best108","Gasterosteus_aculeatus"
"Borowiec2015","Homo","Bilateria","Best108","Homo_sapiens"
"Borowiec2015","Ixodes","Bilateria","Best108","Ixodes_scapularis"
"Borowiec2015","Latimeria","Bilateria","Best108","Latimeria_chalumnae"
"Borowiec2015","Lottia","Bilateria","Best108","Lottia_gigantea"
"Borowiec2015","Oikopleura","Bilateria","Best108","Oikopleura_dioica"
"Borowiec2015","Pinctada","Bilateria","Best108","Pinctada_fucata"
"Borowiec2015","Rhodnius","Bilateria","Best108","Rhodnius_prolixus"
"Borowiec2015","Saccoglossus","Bilateria","Best108","Saccoglossus_kowalevskii"
"Borowiec2015","Strigamia","Bilateria","Best108","Strigamia_maritima"
"Borowiec2015","Strongylocentrotus","Bilateria","Best108","Strongylocentrotus_purpuratus"
"Borowiec2015","Tetranychus","Bilateria","Best108","Tetranychus_urticae"
"Borowiec2015","Tribolium","Bilateria","Best108","Tribolium_castaneum"
"Borowiec2015","Xenopus","Bilateria","Best108","Xenopus_tropicalis"
"Borowiec2015","Acropora","Cnidaria","Best108","Acropora_digitifera"
"Borowiec2015","Hydra","Cnidaria","Best108","Hydra_magnipapillata"
"Borowiec2015","Nematostella","Cnidaria","Best108","Nematostella_vectensis"
"Borowiec2015","Mnemiopsis","Ctenophora","Best108","Mnemiopsis_leidyi"
"Borowiec2015","Monosiga","Outgroup","Best108","Monosiga_brevicollis"
"Borowiec2015","Salpingoeca","Outgroup","Best108","Salpingoeca_rosetta"
"Borowiec2015","Trichoplax","Placozoa","Best108","Trichoplax_adhaerens"
"Borowiec2015","Amphimedon","Porifera","Best108","Amphimedon_queenslandica"
"Chang2015","Botryllus_schlosseri","Bilateria","Chang_AA","Botryllus_schlosseri"
"Chang2015","Branchiostoma_floridae","Bilateria","Chang_AA","Branchiostoma_floridae"
"Chang2015","Capitella_teleta","Bilateria","Chang_AA","Capitella_teleta"
"Chang2015","Ciona_intestinalis","Bilateria","Chang_AA","Ciona_intestinalis"
"Chang2015","Crassostrea_gigas","Bilateria","Chang_AA","Crassostrea_gigas"
"Chang2015","Daphnia_pulex","Bilateria","Chang_AA","Daphnia_pulex"
"Chang2015","Helobdella_robusta","Bilateria","Chang_AA","Helobdella_robusta"
"Chang2015","Homo_sapiens","Bilateria","Chang_AA","Homo_sapiens"
"Chang2015","Ilyanassa_obsoleta","Bilateria","Chang_AA","Ilyanassa_obsoleta"
"Chang2015","Ixodes_scapularis","Bilateria","Chang_AA","Ixodes_scapularis"
"Chang2015","Latimeria_menadoensis","Bilateria","Chang_AA","Latimeria_menadoensis"
"Chang2015","Nasonia_vitripennis","Bilateria","Chang_AA","Nasonia_vitripennis"
"Chang2015","Octopus_vulgaris","Bilateria","Chang_AA","Octopus_vulgaris"
"Chang2015","Patiria_miniata","Bilateria","Chang_AA","Patiria_miniata"
"Chang2015","Pediculus_humanus_corporis","Bilateria","Chang_AA","Pediculus_humanus"
"Chang2015","Petromyzon_marinus","Bilateria","Chang_AA","Petromyzon_marinus"
"Chang2015","Saccoglossus_kowalevskii","Bilateria","Chang_AA","Saccoglossus_kowalevskii"
"Chang2015","Strigamia_maritima","Bilateria","Chang_AA","Strigamia_maritima"
"Chang2015","Strongylocentrotus_purpuratus","Bilateria","Chang_AA","Strongylocentrotus_purpuratus"
"Chang2015","Acropora_cervicornis","Cnidaria","Chang_AA","Acropora_cervicornis"
"Chang2015","Aiptasia_pallida","Cnidaria","Chang_AA","Aiptasia_pallida"
"Chang2015","Aurelia_aurita","Cnidaria","Chang_AA","Aurelia_aurita"
"Chang2015","Bolocera_tuediae","Cnidaria","Chang_AA","Bolocera_tuediae"
"Chang2015","Buddenbrockia_plumatellae","Cnidaria","Chang_AA","Buddenbrockia_plumatellae"
"Chang2015","Clytia_hemisphaerica","Cnidaria","Chang_AA","Clytia_hemisphaerica"
"Chang2015","Craspedacusta_sowerbyi","Cnidaria","Chang_AA","Craspedacusta_sowerbii"
"Chang2015","Cyanea_capillata","Cnidaria","Chang_AA","Cyanea_capillata"
"Chang2015","Ectopleura_larynx","Cnidaria","Chang_AA","Ectopleura_larynx"
"Chang2015","Edwardsiella_lineata","Cnidaria","Chang_AA","Edwardsiella_lineata"
"Chang2015","Enteromyxum_leei","Cnidaria","Chang_AA","Enteromyxum_leei"
"Chang2015","Eunicella_cavolinii","Cnidaria","Chang_AA","Eunicella_cavolinii"
"Chang2015","Gorgonia_ventalina","Cnidaria","Chang_AA","Gorgonia_ventalina"
"Chang2015","Hormathia_digitata","Cnidaria","Chang_AA","Hormathia_digitata"
"Chang2015","Hydra_magnipapillata","Cnidaria","Chang_AA","Hydra_vulgaris"
"Chang2015","Hydractinia_polyclina","Cnidaria","Chang_AA","Hydractinia_polyclina"
"Chang2015","Kudoa_iwatai","Cnidaria","Chang_AA","Kudoa_iwatai"
"Chang2015","Myxobolus_cerebralis","Cnidaria","Chang_AA","Myxobolus_cerebralis"
"Chang2015","Nanomia_bijuga","Cnidaria","Chang_AA","Nanomia_bijuga"
"Chang2015","Nematostella_vectensis","Cnidaria","Chang_AA","Nematostella_vectensis"
"Chang2015","Montastraea_faveolata","Cnidaria","Chang_AA","Orbicella_faveolata"
"Chang2015","Pocillopora_damicornis","Cnidaria","Chang_AA","Pocillopora_damicornis"
"Chang2015","Polypodium_hydriforme","Cnidaria","Chang_AA","Polypodium_hydriforme"
"Chang2015","Porites_australiensis","Cnidaria","Chang_AA","Porites_australiensis"
"Chang2015","Sphaeromyxa_zaharoni","Cnidaria","Chang_AA","Sphaeromyxa_zaharoni"
"Chang2015","Stomolophus_meleagris","Cnidaria","Chang_AA","Stomolophus_meleagris"
"Chang2015","Tetracapsuloides_bryosalmonae","Cnidaria","Chang_AA","Tetracapsuloides_bryosalmonae"
"Chang2015","Thelohanellus_kitauei","Cnidaria","Chang_AA","Thelohanellus_kitauei"
"Chang2015","Tripedalia_cystophora","Cnidaria","Chang_AA","Tripedalia_cystophora"
"Chang2015","Urticina_eques","Cnidaria","Chang_AA","Urticina_eques"
"Chang2015","Beroe_moroz","Ctenophora","Chang_AA","Beroe_sp"
"Chang2015","Euplokamis_dunlapae","Ctenophora","Chang_AA","Euplokamis_dunlapae"
"Chang2015","Mnemiopsis_leidyi","Ctenophora","Chang_AA","Mnemiopsis_leidyi"
"Chang2015","Pleurobrachia_pileus","Ctenophora","Chang_AA","Pleurobrachia_pileus"
"Chang2015","Vallicula_multiformis","Ctenophora","Chang_AA","Vallicula_multiformis"
"Chang2015","Acanthoeca_like_sp_10tr","Outgroup","Chang_AA","Acanthoeca_sp"
"Chang2015","Amoebidium_parasiticum_JAP72","Outgroup","Chang_AA","Amoebidium_parasiticum"
"Chang2015","Capsaspora_owczarzaki_atcc30864","Outgroup","Chang_AA","Capsaspora_owczarzaki"
"Chang2015","Ministeria_vibrans_atcc50519","Outgroup","Chang_AA","Ministeria_vibrans"
"Chang2015","Monosiga_brevicollis_mx1","Outgroup","Chang_AA","Monosiga_brevicollis"
"Chang2015","Monosiga_ovata","Outgroup","Chang_AA","Monosiga_ovata"
"Chang2015","Salpingoeca_sp_atcc50818","Outgroup","Chang_AA","Salpingoeca_sp"
"Chang2015","Sphaeroforma_arctica_jp610","Outgroup","Chang_AA","Sphaeroforma_arctica"
"Chang2015","Stephanoeca_diplocostata","Outgroup","Chang_AA","Stephanoeca_diplocostata"
"Chang2015","Trichoplax_adhaerens","Placozoa","Chang_AA","Trichoplax_adhaerens"
"Chang2015","Amphimedon_queenslandica","Porifera","Chang_AA","Amphimedon_queenslandica"
"Chang2015","Aphrocallistes_vastus","Porifera","Chang_AA","Aphrocallistes_vastus"
"Chang2015","Chondrilla_nucula","Porifera","Chang_AA","Chondrilla_nucula"
"Chang2015","Corticium_candelabrum","Porifera","Chang_AA","Corticium_candelabrum"
"Chang2015","Ephydatia_muelleri","Porifera","Chang_AA","Ephydatia_muelleri"
"Chang2015","Euplectella_aspergillum","Porifera","Chang_AA","Euplectella_aspergillum"
"Chang2015","Ircinia_fasciculata","Porifera","Chang_AA","Ircinia_fasciculata"
"Chang2015","Leucetta_chagosensis","Porifera","Chang_AA","Leucetta_chagosensis"
"Chang2015","Oscarella_carmela","Porifera","Chang_AA","Oscarella_carmela"
"Chang2015","Oscarella_sp_sn2011","Porifera","Chang_AA","Oscarella_sp"
"Chang2015","Petrosia_ficiformis","Porifera","Chang_AA","Petrosia_ficiformis"
"Chang2015","Sycon_ciliatum","Porifera","Chang_AA","Sycon_ciliatum"
"Chang2015","Sycon_coactum","Porifera","Chang_AA","Sycon_coactum"
"Dunn2008","Acanthoscurria_gomesiana","Bilateria","Dunn2008_FixedNames","Acanthoscurria_gomesiana"
"Dunn2008","Anoplodactylus_eroticus","Bilateria","Dunn2008_FixedNames","Anoplodactylus_eroticus"
"Dunn2008","Aplysia_californica","Bilateria","Dunn2008_FixedNames","Aplysia_californica"
"Dunn2008","Argopecten_irradians","Bilateria","Dunn2008_FixedNames","Argopecten_irradians"
"Dunn2008","Asterina_pectinifera","Bilateria","Dunn2008_FixedNames","Asterina_pectinifera"
"Dunn2008","Biomphalaria_glabrata","Bilateria","Dunn2008_FixedNames","Biomphalaria_glabrata"
"Dunn2008","Boophilus_microplus","Bilateria","Dunn2008_FixedNames","Boophilus_microplus"
"Dunn2008","Branchiostoma_floridae","Bilateria","Dunn2008_FixedNames","Branchiostoma_floridae"
"Dunn2008","Capitella_sp","Bilateria","Dunn2008_FixedNames","Capitella_teleta"
"Dunn2008","Carcinoscorpius_rotundicauda","Bilateria","Dunn2008_FixedNames","Carcinoscorpius_rotundicauda"
"Dunn2008","Carcinus_maenas","Bilateria","Dunn2008_FixedNames","Carcinus_maenas"
"Dunn2008","Carinoma_mutabilis","Bilateria","Dunn2008_FixedNames","Carinoma_mutabilis"
"Dunn2008","Cerebratulus_lacteus","Bilateria","Dunn2008_FixedNames","Cerebratulus_lacteus"
"Dunn2008","Chaetoderma_nitidulum","Bilateria","Dunn2008_FixedNames","Chaetoderma_nitidulum"
"Dunn2008","Chaetopleura_apiculata","Bilateria","Dunn2008_FixedNames","Chaetopleura_apiculata"
"Dunn2008","Chaetopterus_variopedatus","Bilateria","Dunn2008_FixedNames","Chaetopterus_variopedatus"
"Dunn2008","Ciona_intestinalis","Bilateria","Dunn2008_FixedNames","Ciona_intestinalis"
"Dunn2008","Crassostrea_virginica","Bilateria","Dunn2008_FixedNames","Crassostrea_virginica"
"Dunn2008","Daphnia_magna","Bilateria","Dunn2008_FixedNames","Daphnia_magna"
"Dunn2008","Drosophila_melanogaster","Bilateria","Dunn2008_FixedNames","Drosophila_melanogaster"
"Dunn2008","Dugesia_japonica","Bilateria","Dunn2008_FixedNames","Dugesia_japonica"
"Dunn2008","Echinococcus_granulosus","Bilateria","Dunn2008_FixedNames","Echinococcus_granulosus"
"Dunn2008","Echinoderes_horni","Bilateria","Dunn2008_FixedNames","Echinoderes_horni"
"Dunn2008","Euperipatoides_kanangrensis","Bilateria","Dunn2008_FixedNames","Euperipatoides_kanangrensis"
"Dunn2008","Euprymna_scolopes","Bilateria","Dunn2008_FixedNames","Euprymna_scolopes"
"Dunn2008","Fenneropenaeus_chinensis","Bilateria","Dunn2008_FixedNames","Fenneropenaeus_chinensis"
"Dunn2008","Gallus_gallus","Bilateria","Dunn2008_FixedNames","Gallus_gallus"
"Dunn2008","Haementeria_depressa","Bilateria","Dunn2008_FixedNames","Haementeria_depressa"
"Dunn2008","Homo_sapiens","Bilateria","Dunn2008_FixedNames","Homo_sapiens"
"Dunn2008","Hypsibius_dujardini","Bilateria","Dunn2008_FixedNames","Hypsibius_dujardini"
"Dunn2008","Lumbricus_rubellus","Bilateria","Dunn2008_FixedNames","Lumbricus_rubellus"
"Dunn2008","Macrostomum_lignano","Bilateria","Dunn2008_FixedNames","Macrostomum_lignano"
"Dunn2008","Mytilus_galloprovincialis","Bilateria","Dunn2008_FixedNames","Mytilus_galloprovincialis"
"Dunn2008","Paraplanocera_oligoglena","Bilateria","Dunn2008_FixedNames","Paraplanocera_oligoglena"
"Dunn2008","Phoronis_vancouverensis","Bilateria","Dunn2008_FixedNames","Phoronis_vancouverensis"
"Dunn2008","Platynereis_dumerilii","Bilateria","Dunn2008_FixedNames","Platynereis_dumerilii"
"Dunn2008","Priapulus_caudatus","Bilateria","Dunn2008_FixedNames","Priapulus_caudatus"
"Dunn2008","Ptychodera_flava","Bilateria","Dunn2008_FixedNames","Ptychodera_flava"
"Dunn2008","Richtersius_coronifer","Bilateria","Dunn2008_FixedNames","Richtersius_coronifer"
"Dunn2008","Saccoglossus_kowalevskii","Bilateria","Dunn2008_FixedNames","Saccoglossus_kowalevskii"
"Dunn2008","Schmidtea_mediterranea","Bilateria","Dunn2008_FixedNames","Schmidtea_mediterranea"
"Dunn2008","Scutigera_coleoptrata","Bilateria","Dunn2008_FixedNames","Scutigera_coleoptrata"
"Dunn2008","Spinochordodes_tellinii","Bilateria","Dunn2008_FixedNames","Spinochordodes_tellinii"
"Dunn2008","Strongylocentrotus_purpuratus","Bilateria","Dunn2008_FixedNames","Strongylocentrotus_purpuratus"
"Dunn2008","Terebratalia_transversa","Bilateria","Dunn2008_FixedNames","Terebratalia_transversa"
"Dunn2008","Themiste_lageniformis","Bilateria","Dunn2008_FixedNames","Themiste_lageniformis"
"Dunn2008","Trichinella_spiralis","Bilateria","Dunn2008_FixedNames","Trichinella_spiralis"
"Dunn2008","Urechis_caupo","Bilateria","Dunn2008_FixedNames","Urechis_caupo"
"Dunn2008","Xenoturbella_bocki","Bilateria","Dunn2008_FixedNames","Xenoturbella_bocki"
"Dunn2008","Xiphinema_index","Bilateria","Dunn2008_FixedNames","Xiphinema_index"
"Dunn2008","Acropora_millepora","Cnidaria","Dunn2008_FixedNames","Acropora_millepora"
"Dunn2008","Cyanea_capillata","Cnidaria","Dunn2008_FixedNames","Cyanea_capillata"
"Dunn2008","Hydra_magnipapillata","Cnidaria","Dunn2008_FixedNames","Hydra_vulgaris"
"Dunn2008","Hydractinia_echinata","Cnidaria","Dunn2008_FixedNames","Hydractinia_echinata"
"Dunn2008","Nematostella_vectensis","Cnidaria","Dunn2008_FixedNames","Nematostella_vectensis"
"Dunn2008","Mertensiid_sp","Ctenophora","Dunn2008_FixedNames","Mertensiid_sp"
"Dunn2008","Mnemiopsis_leidyi","Ctenophora","Dunn2008_FixedNames","Mnemiopsis_leidyi"
"Dunn2008","Amoebidium_parasiticum","Outgroup","Dunn2008_FixedNames","Amoebidium_parasiticum"
"Dunn2008","Capsaspora_owczarzaki","Outgroup","Dunn2008_FixedNames","Capsaspora_owczarzaki"
"Dunn2008","Cryptococcus_neoformans","Outgroup","Dunn2008_FixedNames","Cryptococcus_neoformans"
"Dunn2008","Monosiga_ovata","Outgroup","Dunn2008_FixedNames","Monosiga_ovata"
"Dunn2008","Saccharomyces_cerevisiae","Outgroup","Dunn2008_FixedNames","Saccharomyces_cerevisiae"
"Dunn2008","Sphaeroforma_arctica","Outgroup","Dunn2008_FixedNames","Sphaeroforma_arctica"
"Dunn2008","Oscarella_carmela","Porifera","Dunn2008_FixedNames","Oscarella_carmela"
"Hejnol2009","Acanthoscurria_gomesiana","Bilateria","Hejnol_etal_2009_FixedNames","Acanthoscurria_gomesiana"
"Hejnol2009","Anoplodactylus_eroticus","Bilateria","Hejnol_etal_2009_FixedNames","Anoplodactylus_eroticus"
"Hejnol2009","Aplysia_californica","Bilateria","Hejnol_etal_2009_FixedNames","Aplysia_californica"
"Hejnol2009","Argopecten_irradians","Bilateria","Hejnol_etal_2009_FixedNames","Argopecten_irradians"
"Hejnol2009","Asterina_pectinifera","Bilateria","Hejnol_etal_2009_FixedNames","Asterina_pectinifera"
"Hejnol2009","Biomphalaria_glabrata","Bilateria","Hejnol_etal_2009_FixedNames","Biomphalaria_glabrata"
"Hejnol2009","Boophilus_microplus","Bilateria","Hejnol_etal_2009_FixedNames","Boophilus_microplus"
"Hejnol2009","Brachionus_plicatilis","Bilateria","Hejnol_etal_2009_FixedNames","Brachionus_plicatilis"
"Hejnol2009","Branchiostoma_floridae","Bilateria","Hejnol_etal_2009_FixedNames","Branchiostoma_floridae"
"Hejnol2009","Bugula_neritina","Bilateria","Hejnol_etal_2009_FixedNames","Bugula_neritina"
"Hejnol2009","Capitella_sp","Bilateria","Hejnol_etal_2009_FixedNames","Capitella_teleta"
"Hejnol2009","Carcinoscorpius_rotundicauda","Bilateria","Hejnol_etal_2009_FixedNames","Carcinoscorpius_rotundicauda"
"Hejnol2009","Carcinus_maenas","Bilateria","Hejnol_etal_2009_FixedNames","Carcinus_maenas"
"Hejnol2009","Carinoma_mutabilis","Bilateria","Hejnol_etal_2009_FixedNames","Carinoma_mutabilis"
"Hejnol2009","Cerebratulus_lacteus","Bilateria","Hejnol_etal_2009_FixedNames","Cerebratulus_lacteus"
"Hejnol2009","Chaetoderma_nitidulum","Bilateria","Hejnol_etal_2009_FixedNames","Chaetoderma_nitidulum"
"Hejnol2009","Chaetopleura_apiculata","Bilateria","Hejnol_etal_2009_FixedNames","Chaetopleura_apiculata"
"Hejnol2009","Chaetopterus_sp","Bilateria","Hejnol_etal_2009_FixedNames","Chaetopterus_sp"
"Hejnol2009","Ciona_intestinalis","Bilateria","Hejnol_etal_2009_FixedNames","Ciona_intestinalis"
"Hejnol2009","Convoluta_pulchra","Bilateria","Hejnol_etal_2009_FixedNames","Convoluta_pulchra"
"Hejnol2009","Convolutriloba_longifissura","Bilateria","Hejnol_etal_2009_FixedNames","Convolutriloba_longifissura"
"Hejnol2009","Crassostrea_virginica","Bilateria","Hejnol_etal_2009_FixedNames","Crassostrea_virginica"
"Hejnol2009","Cristatella_mucedo","Bilateria","Hejnol_etal_2009_FixedNames","Cristatella_mucedo"
"Hejnol2009","Daphnia_pulex","Bilateria","Hejnol_etal_2009_FixedNames","Daphnia_pulex"
"Hejnol2009","Diplosoma_listerianum","Bilateria","Hejnol_etal_2009_FixedNames","Diplosoma_listerianum"
"Hejnol2009","Drosophila_melanogaster","Bilateria","Hejnol_etal_2009_FixedNames","Drosophila_melanogaster"
"Hejnol2009","Dugesia_japonica","Bilateria","Hejnol_etal_2009_FixedNames","Dugesia_japonica"
"Hejnol2009","Echinococcus_granulosus","Bilateria","Hejnol_etal_2009_FixedNames","Echinococcus_granulosus"
"Hejnol2009","Echinoderes_horni","Bilateria","Hejnol_etal_2009_FixedNames","Echinoderes_horni"
"Hejnol2009","Epiperipatus_sp","Bilateria","Hejnol_etal_2009_FixedNames","Epiperipatus_sp"
"Hejnol2009","Euperipatoides_kanangrensis","Bilateria","Hejnol_etal_2009_FixedNames","Euperipatoides_kanangrensis"
"Hejnol2009","Euprymna_scolopes","Bilateria","Hejnol_etal_2009_FixedNames","Euprymna_scolopes"
"Hejnol2009","Fenneropenaeus_chinensis","Bilateria","Hejnol_etal_2009_FixedNames","Fenneropenaeus_chinensis"
"Hejnol2009","Flaccisagitta_enflata","Bilateria","Hejnol_etal_2009_FixedNames","Flaccisagitta_enflata"
"Hejnol2009","Gallus_gallus","Bilateria","Hejnol_etal_2009_FixedNames","Gallus_gallus"
"Hejnol2009","Gnathostomula_peregrina","Bilateria","Hejnol_etal_2009_FixedNames","Gnathostomula_peregrina"
"Hejnol2009","Haementeria_depressa","Bilateria","Hejnol_etal_2009_FixedNames","Haementeria_depressa"
"Hejnol2009","Halocynthia_roretzi","Bilateria","Hejnol_etal_2009_FixedNames","Halocynthia_roretzi"
"Hejnol2009","Helobdella_robusta","Bilateria","Hejnol_etal_2009_FixedNames","Helobdella_robusta"
"Hejnol2009","Homo_sapiens","Bilateria","Hejnol_etal_2009_FixedNames","Homo_sapiens"
"Hejnol2009","Hypsibius_dujardini","Bilateria","Hejnol_etal_2009_FixedNames","Hypsibius_dujardini"
"Hejnol2009","Lottia_gigantea","Bilateria","Hejnol_etal_2009_FixedNames","Lottia_gigantea"
"Hejnol2009","Lumbricus_rubellus","Bilateria","Hejnol_etal_2009_FixedNames","Lumbricus_rubellus"
"Hejnol2009","Macrostomum_lignano","Bilateria","Hejnol_etal_2009_FixedNames","Macrostomum_lignano"
"Hejnol2009","Meara_stichopi","Bilateria","Hejnol_etal_2009_FixedNames","Meara_stichopi"
"Hejnol2009","Mytilus_galloprovincialis","Bilateria","Hejnol_etal_2009_FixedNames","Mytilus_galloprovincialis"
"Hejnol2009","Myzostoma_seymourcollegiorum","Bilateria","Hejnol_etal_2009_FixedNames","Myzostoma_seymourcollegiorum"
"Hejnol2009","Nemertoderma_westbladi","Bilateria","Hejnol_etal_2009_FixedNames","Nemertoderma_westbladi"
"Hejnol2009","Neochildia_fusca","Bilateria","Hejnol_etal_2009_FixedNames","Neochildia_fusca"
"Hejnol2009","Onychiurus_arcticus","Bilateria","Hejnol_etal_2009_FixedNames","Onychiurus_arcticus"
"Hejnol2009","Paraplanocera_sp","Bilateria","Hejnol_etal_2009_FixedNames","Paraplanocera_oligoglena"
"Hejnol2009","Pedicellina_cernua","Bilateria","Hejnol_etal_2009_FixedNames","Pedicellina_cernua"
"Hejnol2009","Pedicellina_sp","Bilateria","Hejnol_etal_2009_FixedNames","Pedicellina_sp"
"Hejnol2009","Philodina_roseola","Bilateria","Hejnol_etal_2009_FixedNames","Philodina_roseola"
"Hejnol2009","Phoronis_vancouverensis","Bilateria","Hejnol_etal_2009_FixedNames","Phoronis_vancouverensis"
"Hejnol2009","Platynereis_dumerilii","Bilateria","Hejnol_etal_2009_FixedNames","Platynereis_dumerilii"
"Hejnol2009","Priapulus_caudatus","Bilateria","Hejnol_etal_2009_FixedNames","Priapulus_caudatus"
"Hejnol2009","Ptychodera_flava","Bilateria","Hejnol_etal_2009_FixedNames","Ptychodera_flava"
"Hejnol2009","Richtersius_coronifer","Bilateria","Hejnol_etal_2009_FixedNames","Richtersius_coronifer"
"Hejnol2009","Saccoglossus_kowalevskii","Bilateria","Hejnol_etal_2009_FixedNames","Saccoglossus_kowalevskii"
"Hejnol2009","Schmidtea_mediterranea","Bilateria","Hejnol_etal_2009_FixedNames","Schmidtea_mediterranea"
"Hejnol2009","Scutigera_coleoptrata","Bilateria","Hejnol_etal_2009_FixedNames","Scutigera_coleoptrata"
"Hejnol2009","Spadella_cephaloptera","Bilateria","Hejnol_etal_2009_FixedNames","Spadella_cephaloptera"
"Hejnol2009","Spinochordodes_tellinii","Bilateria","Hejnol_etal_2009_FixedNames","Spinochordodes_tellinii"
"Hejnol2009","Strongylocentrotus_purpuratus","Bilateria","Hejnol_etal_2009_FixedNames","Strongylocentrotus_purpuratus"
"Hejnol2009","Symbion_pandora","Bilateria","Hejnol_etal_2009_FixedNames","Symbion_pandora"
"Hejnol2009","Symsagittifera_roscoffensis","Bilateria","Hejnol_etal_2009_FixedNames","Symsagittifera_roscoffensis"
"Hejnol2009","Taenia_solium","Bilateria","Hejnol_etal_2009_FixedNames","Taenia_solium"
"Hejnol2009","Terebratalia_transversa","Bilateria","Hejnol_etal_2009_FixedNames","Terebratalia_transversa"
"Hejnol2009","Themiste_lageniformis","Bilateria","Hejnol_etal_2009_FixedNames","Themiste_lageniformis"
"Hejnol2009","Trichinella_spiralis","Bilateria","Hejnol_etal_2009_FixedNames","Trichinella_spiralis"
"Hejnol2009","Turbanella_ambronensis","Bilateria","Hejnol_etal_2009_FixedNames","Turbanella_ambronensis"
"Hejnol2009","Urechis_caupo","Bilateria","Hejnol_etal_2009_FixedNames","Urechis_caupo"
"Hejnol2009","Xenoturbella_bocki","Bilateria","Hejnol_etal_2009_FixedNames","Xenoturbella_bocki"
"Hejnol2009","Xiphinema_index","Bilateria","Hejnol_etal_2009_FixedNames","Xiphinema_index"
"Hejnol2009","Acropora_millepora","Cnidaria","Hejnol_etal_2009_FixedNames","Acropora_millepora"
"Hejnol2009","Cyanea_capillata","Cnidaria","Hejnol_etal_2009_FixedNames","Cyanea_capillata"
"Hejnol2009","Hydra_magnipapillata","Cnidaria","Hejnol_etal_2009_FixedNames","Hydra_vulgaris"
"Hejnol2009","Hydractinia_echinata","Cnidaria","Hejnol_etal_2009_FixedNames","Hydractinia_echinata"
"Hejnol2009","Nematostella_vectensis","Cnidaria","Hejnol_etal_2009_FixedNames","Nematostella_vectensis"
"Hejnol2009","Mertensiid_sp","Ctenophora","Hejnol_etal_2009_FixedNames","Mertensiid_sp"
"Hejnol2009","Mnemiopsis_leidyi","Ctenophora","Hejnol_etal_2009_FixedNames","Mnemiopsis_leidyi"
"Hejnol2009","Pleurobrachia_pileus","Ctenophora","Hejnol_etal_2009_FixedNames","Pleurobrachia_pileus"
"Hejnol2009","Amoebidium_parasiticum","Outgroup","Hejnol_etal_2009_FixedNames","Amoebidium_parasiticum"
"Hejnol2009","Capsaspora_owczarzaki","Outgroup","Hejnol_etal_2009_FixedNames","Capsaspora_owczarzaki"
"Hejnol2009","Cryptococcus_neoformans","Outgroup","Hejnol_etal_2009_FixedNames","Cryptococcus_neoformans"
"Hejnol2009","Monosiga_brevicollis","Outgroup","Hejnol_etal_2009_FixedNames","Monosiga_brevicollis"
"Hejnol2009","Monosiga_ovata","Outgroup","Hejnol_etal_2009_FixedNames","Monosiga_ovata"
"Hejnol2009","Saccharomyces_cerevisiae","Outgroup","Hejnol_etal_2009_FixedNames","Saccharomyces_cerevisiae"
"Hejnol2009","Sphaeroforma_arctica","Outgroup","Hejnol_etal_2009_FixedNames","Sphaeroforma_arctica"
"Hejnol2009","Trichoplax_adhaerens","Placozoa","Hejnol_etal_2009_FixedNames","Trichoplax_adhaerens"
"Hejnol2009","Amphimedon_queenslandica","Porifera","Hejnol_etal_2009_FixedNames","Amphimedon_queenslandica"
"Hejnol2009","Oscarella_carmela","Porifera","Hejnol_etal_2009_FixedNames","Oscarella_carmela"
"Hejnol2009","Suberites_domuncula","Porifera","Hejnol_etal_2009_FixedNames","Suberites_domuncula"
"Laumer2018","ANNE_Ctel","Bilateria","Tplx_phylo_d1","Capitella_teleta"
"Laumer2018","MOLL_Cgig","Bilateria","Tplx_phylo_d1","Crassostrea_gigas"
"Laumer2018","ARTH_Dmel","Bilateria","Tplx_phylo_d1","Drosophila_melanogaster"
"Laumer2018","ACOE_Isop","Bilateria","Tplx_phylo_d1","Isodiametra_pulchra"
"Laumer2018","MICR_Limn","Bilateria","Tplx_phylo_d1","Limnognathia_maerski"
"Laumer2018","BRAC_Lana","Bilateria","Tplx_phylo_d1","Lingula_anatina"
"Laumer2018","CRAN_Mmus","Bilateria","Tplx_phylo_d1","Mus_musculus"
"Laumer2018","NEMO_Nemw","Bilateria","Tplx_phylo_d1","Nemertoderma_westbladi"
"Laumer2018","PRIA_Pcau","Bilateria","Tplx_phylo_d1","Priapulus_caudatus"
"Laumer2018","NEMA_Ppac","Bilateria","Tplx_phylo_d1","Pristionchus_pacificus"
"Laumer2018","TARD_Rvar","Bilateria","Tplx_phylo_d1","Ramazzottius_varieornatus"
"Laumer2018","PLAT_Sman","Bilateria","Tplx_phylo_d1","Schistosoma_mansoni"
"Laumer2018","ECHI_Spur","Bilateria","Tplx_phylo_d1","Strongylocentrotus_purpuratus"
"Laumer2018","XENO_XbJC","Bilateria","Tplx_phylo_d1","Xenoturbella_bocki"
"Laumer2018","CNID_Atet","Cnidaria","Tplx_phylo_d1","Abylopsis_tetragona"
"Laumer2018","CNID_Adig","Cnidaria","Tplx_phylo_d1","Acropora_digitifera"
"Laumer2018","CNID_Aala","Cnidaria","Tplx_phylo_d1","Alatina_alata"
"Laumer2018","CNID_Aplm","Cnidaria","Tplx_phylo_d1","Alcyonium_palmatum"
"Laumer2018","CNID_Csow","Cnidaria","Tplx_phylo_d1","Craspedacusta_sowerbyi"
"Laumer2018","CNID_Epal","Cnidaria","Tplx_phylo_d1","Exaiptasia_pallida"
"Laumer2018","CNID_Gven","Cnidaria","Tplx_phylo_d1","Gorgonia_ventalina"
"Laumer2018","CNID_Hvul","Cnidaria","Tplx_phylo_d1","Hydra_vulgaris"
"Laumer2018","CNID_Ltet","Cnidaria","Tplx_phylo_d1","Liriope_tetraphylla"
"Laumer2018","CNID_Lcmp","Cnidaria","Tplx_phylo_d1","Lucernariopsis_campanulata"
"Laumer2018","CNID_Nvec","Cnidaria","Tplx_phylo_d1","Nematostella_vectensis"
"Laumer2018","CNID_Pnct","Cnidaria","Tplx_phylo_d1","Pelagia_noctiluca"
"Laumer2018","CNID_Smel","Cnidaria","Tplx_phylo_d1","Stomolophus_meleagris"
"Laumer2018","CTEN_Baby","Ctenophora","Tplx_phylo_d1","Beroe_abyssicola"
"Laumer2018","CTEN_Cmet","Ctenophora","Tplx_phylo_d1","Coeloplana_cf_meteoris"
"Laumer2018","CTEN_Edun","Ctenophora","Tplx_phylo_d1","Euplokamis_dunlapae"
"Laumer2018","CTEN_Mlei","Ctenophora","Tplx_phylo_d1","Mnemiopsis_leidyi"
"Laumer2018","CTEN_Pbac","Ctenophora","Tplx_phylo_d1","Pleurobrachia_bachei"
"Laumer2018","CTEN_Vmul","Ctenophora","Tplx_phylo_d1","Vallicula_multiformis"
"Laumer2018","OUTC_Aspc","Outgroup","Tplx_phylo_d1","Acanthoeca_spectabilis"
"Laumer2018","OUTC_Chol","Outgroup","Tplx_phylo_d1","Codosiga_hollandica"
"Laumer2018","OUTC_Dcos","Outgroup","Tplx_phylo_d1","Didymoeca_costata"
"Laumer2018","OUTC_Mbre","Outgroup","Tplx_phylo_d1","Monosiga_brevicolis"
"Laumer2018","OUTC_Sdol","Outgroup","Tplx_phylo_d1","Salpingoeca_dolichothecata"
"Laumer2018","OUTC_Smac","Outgroup","Tplx_phylo_d1","Salpingoeca_macrocollata"
"Laumer2018","OUTC_Sros","Outgroup","Tplx_phylo_d1","Salpingoeca_rosetta"
"Laumer2018","PLAC_Tadh","Placozoa","Tplx_phylo_d1","Trichoplax_adhaerens"
"Laumer2018","PLAC_TH11","Placozoa","Tplx_phylo_d1","Trichoplax_sp_11"
"Laumer2018","PLAC_TpH4","Placozoa","Tplx_phylo_d1","Trichoplax_sp_H4"
"Laumer2018","PLAC_TpH6","Placozoa","Tplx_phylo_d1","Trichoplax_sp_H6"
"Laumer2018","PORI_Aque","Porifera","Tplx_phylo_d1","Amphimedon_queenslandica"
"Laumer2018","PORI_Cnuc","Porifera","Tplx_phylo_d1","Chondrilla_caribensis"
"Laumer2018","PORI_Ccor","Porifera","Tplx_phylo_d1","Clathrina_coriacea"
"Laumer2018","PORI_Cvar","Porifera","Tplx_phylo_d1","Cliona_varians"
"Laumer2018","PORI_Ccan","Porifera","Tplx_phylo_d1","Corticium_candelabrum"
"Laumer2018","PORI_Cele","Porifera","Tplx_phylo_d1","Crella_elegans"
"Laumer2018","PORI_Easp","Porifera","Tplx_phylo_d1","Euplectella_aspergillum"
"Laumer2018","PORI_Ifas","Porifera","Tplx_phylo_d1","Ircinia_fasciculata"
"Laumer2018","PORI_Lcom","Porifera","Tplx_phylo_d1","Leucosolenia_complicata"
"Laumer2018","PORI_Ocar","Porifera","Tplx_phylo_d1","Oscarella_carmela"
"Laumer2018","PORI_Pfic","Porifera","Tplx_phylo_d1","Petrosia_ficiformis"
"Laumer2018","PORI_Slac","Porifera","Tplx_phylo_d1","Spongilla_lacustris"
"Laumer2018","PORI_Scil","Porifera","Tplx_phylo_d1","Sycon_ciliatum"
"Laumer2018","PORI_Scoa","Porifera","Tplx_phylo_d1","Sycon_coactum"
"Laumer2018","PORI_Snux","Porifera","Tplx_phylo_d1","Sympagella_nux"
"Laumer2019","CEPH_Bflo","Bilateria","nonbilateria_MARE_BMGE","Branchiostoma_floridae"
"Laumer2019","ANNE_Ctel","Bilateria","nonbilateria_MARE_BMGE","Capitella_teleta"
"Laumer2019","MOLL_Lott","Bilateria","nonbilateria_MARE_BMGE","Lottia_gigantea"
"Laumer2019","CRAN_Mmus","Bilateria","nonbilateria_MARE_BMGE","Mus_musculus"
"Laumer2019","ONYC_Peri","Bilateria","nonbilateria_MARE_BMGE","Peripatoides_sp"
"Laumer2019","PRIA_Pcau","Bilateria","nonbilateria_MARE_BMGE","Priapulus_caudatus"
"Laumer2019","ECHI_Spur","Bilateria","nonbilateria_MARE_BMGE","Strongylocentrotus_purpuratus"
"Laumer2019","BRAC_Ttvs","Bilateria","nonbilateria_MARE_BMGE","Terebratalia_transversa"
"Laumer2019","XENO_XbJC","Bilateria","nonbilateria_MARE_BMGE","Xenoturbella_bocki"
"Laumer2019","CNID_Atet","Cnidaria","nonbilateria_MARE_BMGE","Abylopsis_tetragona"
"Laumer2019","CNID_Adig","Cnidaria","nonbilateria_MARE_BMGE","Acropora_digitifera"
"Laumer2019","CNID_Csow","Cnidaria","nonbilateria_MARE_BMGE","Craspedacusta_sowerbyi"
"Laumer2019","CNID_Gven","Cnidaria","nonbilateria_MARE_BMGE","Gorgonia_ventalina"
"Laumer2019","CNID_Hvul","Cnidaria","nonbilateria_MARE_BMGE","Hydra_vulgaris"
"Laumer2019","CNID_Nvec","Cnidaria","nonbilateria_MARE_BMGE","Nematostella_vectensis"
"Laumer2019","CNID_Phyd","Cnidaria","nonbilateria_MARE_BMGE","Polypodium_hydriforme"
"Laumer2019","CNID_Smel","Cnidaria","nonbilateria_MARE_BMGE","Stomolophus_meleagris"
"Laumer2019","CTEN_Baby","Ctenophora","nonbilateria_MARE_BMGE","Beroe_abyssicola"
"Laumer2019","CTEN_Edun","Ctenophora","nonbilateria_MARE_BMGE","Euplokamis_dunlapae"
"Laumer2019","CTEN_Mlei","Ctenophora","nonbilateria_MARE_BMGE","Mnemiopsis_leidyi"
"Laumer2019","CTEN_Pbac","Ctenophora","nonbilateria_MARE_BMGE","Pleurobrachia_bachei"
"Laumer2019","CTEN_Vmul","Ctenophora","nonbilateria_MARE_BMGE","Vallicula_multiformis"
"Laumer2019","OUTF_Amac","Outgroup","nonbilateria_MARE_BMGE","Allomyces_macrogynus"
"Laumer2019","OUTI_Apar","Outgroup","nonbilateria_MARE_BMGE","Amoebidium_parasiticum"
"Laumer2019","OUTI_Cowc","Outgroup","nonbilateria_MARE_BMGE","Capsaspora_owczarzaki"
"Laumer2019","OUTI_Falb","Outgroup","nonbilateria_MARE_BMGE","Fonticula_alba"
"Laumer2019","OUTF_Foxy","Outgroup","nonbilateria_MARE_BMGE","Fusarium_oxysporum"
"Laumer2019","OUTI_Mvar","Outgroup","nonbilateria_MARE_BMGE","Ministeria_vibrans"
"Laumer2019","OUTC_Mbre","Outgroup","nonbilateria_MARE_BMGE","Monosiga_brevicolis"
"Laumer2019","OUTF_Mver","Outgroup","nonbilateria_MARE_BMGE","Mortierella_verticillata"
"Laumer2019","OUTF_Rsol","Outgroup","nonbilateria_MARE_BMGE","Rhizophagus_irregularis"
"Laumer2019","OUTF_Rall","Outgroup","nonbilateria_MARE_BMGE","Rozella_allomycis"
"Laumer2019","OUTC_Sros","Outgroup","nonbilateria_MARE_BMGE","Salpingoeca_rosetta"
"Laumer2019","OUTI_Sart","Outgroup","nonbilateria_MARE_BMGE","Sphaeroforma_artica"
"Laumer2019","OUTF_Spun","Outgroup","nonbilateria_MARE_BMGE","Spizellomyces_punctatus"
"Laumer2019","OUTI_Ttra","Outgroup","nonbilateria_MARE_BMGE","Thecamonas_trahens"
"Laumer2019","PLAC_Tadh","Placozoa","nonbilateria_MARE_BMGE","Trichoplax_adhaerens"
"Laumer2019","PORI_Aque","Porifera","nonbilateria_MARE_BMGE","Amphimedon_queenslandica"
"Laumer2019","PORI_Avas","Porifera","nonbilateria_MARE_BMGE","Aphrocallistes_vastus"
"Laumer2019","PORI_Cnuc","Porifera","nonbilateria_MARE_BMGE","Chondrilla_caribensis"
"Laumer2019","PORI_Ccla","Porifera","nonbilateria_MARE_BMGE","Clathrina_coriacea"
"Laumer2019","PORI_Cvar","Porifera","nonbilateria_MARE_BMGE","Cliona_varians"
"Laumer2019","PORI_Ccan","Porifera","nonbilateria_MARE_BMGE","Corticium_candelabrum"
"Laumer2019","PORI_Cele","Porifera","nonbilateria_MARE_BMGE","Crella_elegans"
"Laumer2019","PORI_Ifas","Porifera","nonbilateria_MARE_BMGE","Ircinia_fasciculata"
"Laumer2019","PORI_Ocar","Porifera","nonbilateria_MARE_BMGE","Oscarella_carmela"
"Laumer2019","PORI_Pfic","Porifera","nonbilateria_MARE_BMGE","Petrosia_ficiformis"
"Laumer2019","PORI_Psub","Porifera","nonbilateria_MARE_BMGE","Pseudospongosorites_suberitoides"
"Laumer2019","PORI_Slac","Porifera","nonbilateria_MARE_BMGE","Spongilla_lacustris"
"Laumer2019","PORI_Scil","Porifera","nonbilateria_MARE_BMGE","Sycon_ciliatum"
"Laumer2019","PORI_Scoa","Porifera","nonbilateria_MARE_BMGE","Sycon_coactum"
"Moroz2014","ACAL","Bilateria","ED3d","Aplysia_californica"
"Moroz2014","BFLO","Bilateria","ED3d","Branchiostoma_floridae"
"Moroz2014","CTEL","Bilateria","ED3d","Capitella_teleta"
"Moroz2014","CINT","Bilateria","ED3d","Ciona_intestinalis"
"Moroz2014","CGIG","Bilateria","ED3d","Crassostrea_gigas"
"Moroz2014","DPUL","Bilateria","ED3d","Daphnia_pulex"
"Moroz2014","DMEL","Bilateria","ED3d","Drosophila_melanogaster"
"Moroz2014","HSAP","Bilateria","ED3d","Homo_sapiens"
"Moroz2014","ISCA","Bilateria","ED3d","Ixodes_scapularis"
"Moroz2014","LGIG","Bilateria","ED3d","Lottia_gigantea"
"Moroz2014","SKOW","Bilateria","ED3d","Saccoglossus_kowalevskii"
"Moroz2014","SPUR","Bilateria","ED3d","Strongylocentrotus_purpuratus"
"Moroz2014","ADIG","Cnidaria","ED3d","Acropora_digitifera"
"Moroz2014","AIPT","Cnidaria","ED3d","Aiptasia_pallida"
"Moroz2014","AVIR","Cnidaria","ED3d","Anemonia_viridis"
"Moroz2014","CHEM","Cnidaria","ED3d","Clytia_hemisphaerica"
"Moroz2014","GVEN","Cnidaria","ED3d","Gorgonia_ventalina"
"Moroz2014","HVUL","Cnidaria","ED3d","Hydra_vulgaris"
"Moroz2014","HECH","Cnidaria","ED3d","Hydractinia_echinata"
"Moroz2014","NVEC","Cnidaria","ED3d","Nematostella_vectensis"
"Moroz2014","PCAR","Cnidaria","ED3d","Podocoryna_carnea"
"Moroz2014","PAST","Cnidaria","ED3d","Porites_astreoides"
"Moroz2014","BCUC","Ctenophora","ED3d","Beroe_abyssicola"
"Moroz2014","BINF","Ctenophora","ED3d","Bolinopsis_infundibulum"
"Moroz2014","COEL","Ctenophora","ED3d","Coeloplana_astericola"
"Moroz2014","DGLA","Ctenophora","ED3d","Dryodora_glandiformis"
"Moroz2014","EDUN","Ctenophora","ED3d","Euplokamis_dunlapae"
"Moroz2014","MERT","Ctenophora","ED3d","Mertensiidae_sp"
"Moroz2014","MLEI","Ctenophora","ED3d","Mnemiopsis_leidyi"
"Moroz2014","PBAC","Ctenophora","ED3d","Pleurobrachia_bachei"
"Moroz2014","PPIL","Ctenophora","ED3d","Pleurobrachia_pileus"
"Moroz2014","PATL","Ctenophora","ED3d","Pleurobrachia_sp"
"Moroz2014","VALL","Ctenophora","ED3d","Vallicula_sp"
"Moroz2014","MBRE","Outgroup","ED3d","Monosiga_brevicollis"
"Moroz2014","MOVA","Outgroup","ED3d","Monosiga_ovata"
"Moroz2014","SROS","Outgroup","ED3d","Salpingoeca_rosetta"
"Moroz2014","TADH","Placozoa","ED3d","Trichoplax_adhaerens"
"Moroz2014","AQUE","Porifera","ED3d","Amphimedon_queenslandica"
"Moroz2014","AVAS","Porifera","ED3d","Aphrocallistes_vastus"
"Moroz2014","CFOL","Porifera","ED3d","Carteriospongia_foliascens"
"Moroz2014","EMUE","Porifera","ED3d","Ephydatia_muelleri"
"Moroz2014","HCAL","Porifera","ED3d","Heterochone_calyx"
"Moroz2014","LCHA","Porifera","ED3d","Leucetta_chagosensis"
"Moroz2014","OMIN","Porifera","ED3d","Oopsacas_minuta"
"Moroz2014","OCAR","Porifera","ED3d","Oscarella_carmela"
"Moroz2014","SCOA","Porifera","ED3d","Sycon_coactum"
"Nosenko2013","Anoplod_er","Bilateria","nonribosomal_9187_smatrix","Anoplodactylus_eroticus"
"Nosenko2013","Aplysia_ca","Bilateria","nonribosomal_9187_smatrix","Aplysia_californica"
"Nosenko2013","Branchi_fl","Bilateria","nonribosomal_9187_smatrix","Branchiostoma_floridae"
"Nosenko2013","Capitel_sp","Bilateria","nonribosomal_9187_smatrix","Capitella_teleta"
"Nosenko2013","Ciona_inte","Bilateria","nonribosomal_9187_smatrix","Ciona_intestinalis"
"Nosenko2013","Crassos_gi","Bilateria","nonribosomal_9187_smatrix","Crassostrea_gigas"
"Nosenko2013","Danio_reri","Bilateria","nonribosomal_9187_smatrix","Danio_rerio"
"Nosenko2013","Daphnia_pu","Bilateria","nonribosomal_9187_smatrix","Daphnia_pulex"
"Nosenko2013","Euprymn_sc","Bilateria","nonribosomal_9187_smatrix","Euprymna_scolopes"
"Nosenko2013","Helobde_ro","Bilateria","nonribosomal_9187_smatrix","Helobdella_robusta"
"Nosenko2013","Ixodes_sca","Bilateria","nonribosomal_9187_smatrix","Ixodes_scapularis"
"Nosenko2013","Molgula_te","Bilateria","nonribosomal_9187_smatrix","Molgula_tectiformis"
"Nosenko2013","Nasonia_vi","Bilateria","nonribosomal_9187_smatrix","Nasonia_vitripennis"
"Nosenko2013","Pedicel_ce","Bilateria","nonribosomal_9187_smatrix","Pedicellina_cernua"
"Nosenko2013","Pedicul_hu","Bilateria","nonribosomal_9187_smatrix","Pediculus_humanus_capitis"
"Nosenko2013","Petromy_ma","Bilateria","nonribosomal_9187_smatrix","Petromyzon_marinus"
"Nosenko2013","Saccogl_ko","Bilateria","nonribosomal_9187_smatrix","Saccoglossus_kowalevskii"
"Nosenko2013","Scutige_co","Bilateria","nonribosomal_9187_smatrix","Scutigera_coleoptrata"
"Nosenko2013","Strongy_pu","Bilateria","nonribosomal_9187_smatrix","Strongylocentrotus_purpuratus"
"Nosenko2013","Tubifex_tu","Bilateria","nonribosomal_9187_smatrix","Tubifex_tubifex"
"Nosenko2013","Xenotur_bo","Bilateria","nonribosomal_9187_smatrix","Xenoturbella_bocki"
"Nosenko2013","Acropor_hy","Cnidaria","nonribosomal_9187_smatrix","Acropora_hyacinthus"
"Nosenko2013","Acropor_mi","Cnidaria","nonribosomal_9187_smatrix","Acropora_millepora"
"Nosenko2013","Acropor_pa","Cnidaria","nonribosomal_9187_smatrix","Acropora_palmata"
"Nosenko2013","Clytia_hem","Cnidaria","nonribosomal_9187_smatrix","Clytia_hemisphaerica"
"Nosenko2013","Cyanea_cap","Cnidaria","nonribosomal_9187_smatrix","Cyanea_capillata"
"Nosenko2013","Hydra_magn","Cnidaria","nonribosomal_9187_smatrix","Hydra_magnipapillata"
"Nosenko2013","Hydra_vulg","Cnidaria","nonribosomal_9187_smatrix","Hydra_vulgaris"
"Nosenko2013","Hydract_ec","Cnidaria","nonribosomal_9187_smatrix","Hydractinia_echinata"
"Nosenko2013","Metridi_se","Cnidaria","nonribosomal_9187_smatrix","Metridium_senile"
"Nosenko2013","Montast_fa","Cnidaria","nonribosomal_9187_smatrix","Montastraea_faveolata"
"Nosenko2013","Nematos_ve","Cnidaria","nonribosomal_9187_smatrix","Nematostella_vectensis"
"Nosenko2013","Podocor_ca","Cnidaria","nonribosomal_9187_smatrix","Podocoryna_carnea"
"Nosenko2013","Porites___","Cnidaria","nonribosomal_9187_smatrix","Porites_astreoides"
"Nosenko2013","Porites","Cnidaria","nonribosomal_9187_smatrix","Porites_sp"
"Nosenko2013","Beroe_sp","Ctenophora","nonribosomal_9187_smatrix","Beroe_sp"
"Nosenko2013","Beroe_sp__","Ctenophora","nonribosomal_9187_smatrix","Beroe_sp"
"Nosenko2013","Mertens_sp","Ctenophora","nonribosomal_9187_smatrix","Mertensiid_sp"
"Nosenko2013","Mnemiop_le","Ctenophora","nonribosomal_9187_smatrix","Mnemiopsis_leidyi"
"Nosenko2013","Pleurob_pi","Ctenophora","nonribosomal_9187_smatrix","Pleurobrachia_pileus"
"Nosenko2013","Allomyc_ma","Outgroup","nonribosomal_9187_smatrix","Allomyces_macrogynus"
"Nosenko2013","Amoebid_pa","Outgroup","nonribosomal_9187_smatrix","Amoebidium_parasiticum"
"Nosenko2013","Batrach_de","Outgroup","nonribosomal_9187_smatrix","Batrachochytrium_dendrobatidis"
"Nosenko2013","Capsasp_ow","Outgroup","nonribosomal_9187_smatrix","Capsaspora_owczarzaki"
"Nosenko2013","Monosig_br","Outgroup","nonribosomal_9187_smatrix","Monosiga_brevicollis"
"Nosenko2013","Monosig_ov","Outgroup","nonribosomal_9187_smatrix","Monosiga_ovata"
"Nosenko2013","Phycomy_bl","Outgroup","nonribosomal_9187_smatrix","Phycomyces_blakesleeanus"
"Nosenko2013","Protero_sp","Outgroup","nonribosomal_9187_smatrix","Proterospongia_sp"
"Nosenko2013","Sphaero_ar","Outgroup","nonribosomal_9187_smatrix","Sphaeroforma_arctica"
"Nosenko2013","Spizell_pu","Outgroup","nonribosomal_9187_smatrix","Spizellomyces_punctatus"
"Nosenko2013","Trichop_ad","Placozoa","nonribosomal_9187_smatrix","Trichoplax_adhaerens"
"Nosenko2013","Trichop_H4","Placozoa","nonribosomal_9187_smatrix","Trichoplax_sp"
"Nosenko2013","Amphime_qu","Porifera","nonribosomal_9187_smatrix","Amphimedon_queenslandica"
"Nosenko2013","Aphroca_va","Porifera","nonribosomal_9187_smatrix","Aphrocallistes_vastus"
"Nosenko2013","Asbesto_sp","Porifera","nonribosomal_9187_smatrix","Asbestopluma_sp"
"Nosenko2013","Astrosc_wi","Porifera","nonribosomal_9187_smatrix","Astrosclera_willeyana"
"Nosenko2013","Carteri_fo","Porifera","nonribosomal_9187_smatrix","Carteriospongia_foliascens"
"Nosenko2013","Corticium_","Porifera","nonribosomal_9187_smatrix","Corticium"
"Nosenko2013","Corticium","Porifera","nonribosomal_9187_smatrix","Corticium_sp"
"Nosenko2013","Cratero_me","Porifera","nonribosomal_9187_smatrix","Crateromorpha_meyeri"
"Nosenko2013","Ephydat_mu","Porifera","nonribosomal_9187_smatrix","Ephydatia_muelleri"
"Nosenko2013","Heteroc_ca","Porifera","nonribosomal_9187_smatrix","Heterochone_calyx"
"Nosenko2013","Leucett_ch","Porifera","nonribosomal_9187_smatrix","Leucetta_chagosensis"
"Nosenko2013","Leucoso_sp","Porifera","nonribosomal_9187_smatrix","Leucosolenia_sp"
"Nosenko2013","Lubomir_ba","Porifera","nonribosomal_9187_smatrix","Lubomirskia_baicalensis"
"Nosenko2013","Oopsacas_m","Porifera","nonribosomal_9187_smatrix","Oopsacas_minuta"
"Nosenko2013","Oscarel_ca","Porifera","nonribosomal_9187_smatrix","Oscarella_carmela"
"Nosenko2013","Oscarel_lo","Porifera","nonribosomal_9187_smatrix","Oscarella_lobularis"
"Nosenko2013","Oscarel_sp","Porifera","nonribosomal_9187_smatrix","Oscarella_sp"
"Nosenko2013","Pachydi_gl","Porifera","nonribosomal_9187_smatrix","Pachydictyum_globosum"
"Nosenko2013","Suberit_do","Porifera","nonribosomal_9187_smatrix","Suberites_domuncula"
"Nosenko2013","Sycon_cili","Porifera","nonribosomal_9187_smatrix","Sycon_ciliatum"
"Nosenko2013","Sycon_raph","Porifera","nonribosomal_9187_smatrix","Sycon_raphanus"
"Nosenko2013","Tethya_wil","Porifera","nonribosomal_9187_smatrix","Tethya_wilhelma"
"Nosenko2013","Anoplod_er","Bilateria","ribosomal_14615_smatrix","Anoplodactylus_eroticus"
"Nosenko2013","Aplysia_ca","Bilateria","ribosomal_14615_smatrix","Aplysia_californica"
"Nosenko2013","Branchi_fl","Bilateria","ribosomal_14615_smatrix","Branchiostoma_floridae"
"Nosenko2013","Capitel_sp","Bilateria","ribosomal_14615_smatrix","Capitella_teleta"
"Nosenko2013","Ciona_inte","Bilateria","ribosomal_14615_smatrix","Ciona_intestinalis"
"Nosenko2013","Crassos_gi","Bilateria","ribosomal_14615_smatrix","Crassostrea_gigas"
"Nosenko2013","Danio_reri","Bilateria","ribosomal_14615_smatrix","Danio_rerio"
"Nosenko2013","Daphnia_pu","Bilateria","ribosomal_14615_smatrix","Daphnia_pulex"
"Nosenko2013","Euprymn_sc","Bilateria","ribosomal_14615_smatrix","Euprymna_scolopes"
"Nosenko2013","Helobde_ro","Bilateria","ribosomal_14615_smatrix","Helobdella_robusta"
"Nosenko2013","Ixodes_sca","Bilateria","ribosomal_14615_smatrix","Ixodes_scapularis"
"Nosenko2013","Molgula_te","Bilateria","ribosomal_14615_smatrix","Molgula_tectiformis"
"Nosenko2013","Nasonia_vi","Bilateria","ribosomal_14615_smatrix","Nasonia_vitripennis"
"Nosenko2013","Pedicel_ce","Bilateria","ribosomal_14615_smatrix","Pedicellina_cernua"
"Nosenko2013","Pedicul_hu","Bilateria","ribosomal_14615_smatrix","Pediculus_humanus_capitis"
"Nosenko2013","Petromy_ma","Bilateria","ribosomal_14615_smatrix","Petromyzon_marinus"
"Nosenko2013","Saccogl_ko","Bilateria","ribosomal_14615_smatrix","Saccoglossus_kowalevskii"
"Nosenko2013","Scutige_co","Bilateria","ribosomal_14615_smatrix","Scutigera_coleoptrata"
"Nosenko2013","Strongy_pu","Bilateria","ribosomal_14615_smatrix","Strongylocentrotus_purpuratus"
"Nosenko2013","Tubifex_tu","Bilateria","ribosomal_14615_smatrix","Tubifex_tubifex"
"Nosenko2013","Xenotur_bo","Bilateria","ribosomal_14615_smatrix","Xenoturbella_bocki"
"Nosenko2013","Acropor_hy","Cnidaria","ribosomal_14615_smatrix","Acropora_hyacinthus"
"Nosenko2013","Acropor_mi","Cnidaria","ribosomal_14615_smatrix","Acropora_millepora"
"Nosenko2013","Acropor_pa","Cnidaria","ribosomal_14615_smatrix","Acropora_palmata"
"Nosenko2013","Clytia_hem","Cnidaria","ribosomal_14615_smatrix","Clytia_hemisphaerica"
"Nosenko2013","Cyanea_cap","Cnidaria","ribosomal_14615_smatrix","Cyanea_capillata"
"Nosenko2013","Hydra_magn","Cnidaria","ribosomal_14615_smatrix","Hydra_magnipapillata"
"Nosenko2013","Hydra_vulg","Cnidaria","ribosomal_14615_smatrix","Hydra_vulgaris"
"Nosenko2013","Hydract_ec","Cnidaria","ribosomal_14615_smatrix","Hydractinia_echinata"
"Nosenko2013","Metridi_se","Cnidaria","ribosomal_14615_smatrix","Metridium_senile"
"Nosenko2013","Montast_fa","Cnidaria","ribosomal_14615_smatrix","Montastraea_faveolata"
"Nosenko2013","Nematos_ve","Cnidaria","ribosomal_14615_smatrix","Nematostella_vectensis"
"Nosenko2013","Podocor_ca","Cnidaria","ribosomal_14615_smatrix","Podocoryna_carnea"
"Nosenko2013","Porites___","Cnidaria","ribosomal_14615_smatrix","Porites_astreoides"
"Nosenko2013","Porites","Cnidaria","ribosomal_14615_smatrix","Porites_sp"
"Nosenko2013","Beroe_sp","Ctenophora","ribosomal_14615_smatrix","Beroe_sp"
"Nosenko2013","Beroe_sp__","Ctenophora","ribosomal_14615_smatrix","Beroe_sp"
"Nosenko2013","Mertens_sp","Ctenophora","ribosomal_14615_smatrix","Mertensiid_sp"
"Nosenko2013","Mnemiop_le","Ctenophora","ribosomal_14615_smatrix","Mnemiopsis_leidyi"
"Nosenko2013","Pleurob_pi","Ctenophora","ribosomal_14615_smatrix","Pleurobrachia_pileus"
"Nosenko2013","Allomyc_ma","Outgroup","ribosomal_14615_smatrix","Allomyces_macrogynus"
"Nosenko2013","Amoebid_pa","Outgroup","ribosomal_14615_smatrix","Amoebidium_parasiticum"
"Nosenko2013","Batrach_de","Outgroup","ribosomal_14615_smatrix","Batrachochytrium_dendrobatidis"
"Nosenko2013","Capsasp_ow","Outgroup","ribosomal_14615_smatrix","Capsaspora_owczarzaki"
"Nosenko2013","Monosig_br","Outgroup","ribosomal_14615_smatrix","Monosiga_brevicollis"
"Nosenko2013","Monosig_ov","Outgroup","ribosomal_14615_smatrix","Monosiga_ovata"
"Nosenko2013","Phycomy_bl","Outgroup","ribosomal_14615_smatrix","Phycomyces_blakesleeanus"
"Nosenko2013","Protero_sp","Outgroup","ribosomal_14615_smatrix","Proterospongia_sp"
"Nosenko2013","Sphaero_ar","Outgroup","ribosomal_14615_smatrix","Sphaeroforma_arctica"
"Nosenko2013","Spizell_pu","Outgroup","ribosomal_14615_smatrix","Spizellomyces_punctatus"
"Nosenko2013","Trichop_ad","Placozoa","ribosomal_14615_smatrix","Trichoplax_adhaerens"
"Nosenko2013","Trichop_H4","Placozoa","ribosomal_14615_smatrix","Trichoplax_sp"
"Nosenko2013","Amphime_qu","Porifera","ribosomal_14615_smatrix","Amphimedon_queenslandica"
"Nosenko2013","Aphroca_va","Porifera","ribosomal_14615_smatrix","Aphrocallistes_vastus"
"Nosenko2013","Asbesto_sp","Porifera","ribosomal_14615_smatrix","Asbestopluma_sp"
"Nosenko2013","Astrosc_wi","Porifera","ribosomal_14615_smatrix","Astrosclera_willeyana"
"Nosenko2013","Carteri_fo","Porifera","ribosomal_14615_smatrix","Carteriospongia_foliascens"
"Nosenko2013","Corticium_","Porifera","ribosomal_14615_smatrix","Corticium"
"Nosenko2013","Corticium","Porifera","ribosomal_14615_smatrix","Corticium_sp"
"Nosenko2013","Cratero_me","Porifera","ribosomal_14615_smatrix","Crateromorpha_meyeri"
"Nosenko2013","Ephydat_mu","Porifera","ribosomal_14615_smatrix","Ephydatia_muelleri"
"Nosenko2013","Heteroc_ca","Porifera","ribosomal_14615_smatrix","Heterochone_calyx"
"Nosenko2013","Leucett_ch","Porifera","ribosomal_14615_smatrix","Leucetta_chagosensis"
"Nosenko2013","Leucoso_sp","Porifera","ribosomal_14615_smatrix","Leucosolenia_sp"
"Nosenko2013","Lubomir_ba","Porifera","ribosomal_14615_smatrix","Lubomirskia_baicalensis"
"Nosenko2013","Oopsacas_m","Porifera","ribosomal_14615_smatrix","Oopsacas_minuta"
"Nosenko2013","Oscarel_ca","Porifera","ribosomal_14615_smatrix","Oscarella_carmela"
"Nosenko2013","Oscarel_lo","Porifera","ribosomal_14615_smatrix","Oscarella_lobularis"
"Nosenko2013","Oscarel_sp","Porifera","ribosomal_14615_smatrix","Oscarella_sp"
"Nosenko2013","Pachydi_gl","Porifera","ribosomal_14615_smatrix","Pachydictyum_globosum"
"Nosenko2013","Suberit_do","Porifera","ribosomal_14615_smatrix","Suberites_domuncula"
"Nosenko2013","Suberit_fu","Porifera","ribosomal_14615_smatrix","Suberites_fuscus"
"Nosenko2013","Sycon_raph","Porifera","ribosomal_14615_smatrix","Sycon_raphanus"
"Nosenko2013","Tethya_wil","Porifera","ribosomal_14615_smatrix","Tethya_wilhelma"
"Philippe2009","Anoplodactylus_eroticus","Bilateria","Philippe_etal_superalignment_FixedNames","Anoplodactylus_eroticus"
"Philippe2009","AplysiaXcalifornica","Bilateria","Philippe_etal_superalignment_FixedNames","Aplysia_californica"
"Philippe2009","Branchiostoma_floridae","Bilateria","Philippe_etal_superalignment_FixedNames","Branchiostoma_floridae"
"Philippe2009","Capitella_sp__i_ecs-2004","Bilateria","Philippe_etal_superalignment_FixedNames","Capitella_sp"
"Philippe2009","CionaXsavignyi","Bilateria","Philippe_etal_superalignment_FixedNames","Ciona_savignyi"
"Philippe2009","Crassostrea_gigas","Bilateria","Philippe_etal_superalignment_FixedNames","Crassostrea_gigas"
"Philippe2009","Danio_rerio","Bilateria","Philippe_etal_superalignment_FixedNames","Danio_rerio"
"Philippe2009","DaphniaXpulex","Bilateria","Philippe_etal_superalignment_FixedNames","Daphnia_pulex"
"Philippe2009","Euperipatoides_kanangrensis","Bilateria","Philippe_etal_superalignment_FixedNames","Euperipatoides_kanangrensis"
"Philippe2009","Euprymna_scolopes","Bilateria","Philippe_etal_superalignment_FixedNames","Euprymna_scolopes"
"Philippe2009","Helobdella_robusta","Bilateria","Philippe_etal_superalignment_FixedNames","Helobdella_robusta"
"Philippe2009","IxodesXscapularis","Bilateria","Philippe_etal_superalignment_FixedNames","Ixodes_scapularis"
"Philippe2009","Molgula_tectiformis","Bilateria","Philippe_etal_superalignment_FixedNames","Molgula_tectiformis"
"Philippe2009","NasoniaXvitripennis","Bilateria","Philippe_etal_superalignment_FixedNames","Nasonia_vitripennis"
"Philippe2009","Pedicellina_cernua","Bilateria","Philippe_etal_superalignment_FixedNames","Pedicellina_cernua"
"Philippe2009","PediculusXhumanus","Bilateria","Philippe_etal_superalignment_FixedNames","Pediculus_humanus"
"Philippe2009","Petromyzon_marinus","Bilateria","Philippe_etal_superalignment_FixedNames","Petromyzon_marinus"
"Philippe2009","Saccoglossus_kowalevskii","Bilateria","Philippe_etal_superalignment_FixedNames","Saccoglossus_kowalevskii"
"Philippe2009","ScutigeraXcoleoptrata","Bilateria","Philippe_etal_superalignment_FixedNames","Scutigera_coleoptrata"
"Philippe2009","Strongylocentrotus_purpuratus","Bilateria","Philippe_etal_superalignment_FixedNames","Strongylocentrotus_purpuratus"
"Philippe2009","TubifexXtubifex","Bilateria","Philippe_etal_superalignment_FixedNames","Tubifex_tubifex"
"Philippe2009","Xenoturbella_bocki","Bilateria","Philippe_etal_superalignment_FixedNames","Xenoturbella_bocki"
"Philippe2009","Acropora_millepora","Cnidaria","Philippe_etal_superalignment_FixedNames","Acropora_millepora"
"Philippe2009","ClytiaXhemisphaerica","Cnidaria","Philippe_etal_superalignment_FixedNames","Clytia_hemisphaerica"
"Philippe2009","CyaneaXcapillata","Cnidaria","Philippe_etal_superalignment_FixedNames","Cyanea_capillata"
"Philippe2009","HydraXmagnipapillata","Cnidaria","Philippe_etal_superalignment_FixedNames","Hydra_magnipapillata"
"Philippe2009","Hydractinia_echinata","Cnidaria","Philippe_etal_superalignment_FixedNames","Hydractinia_echinata"
"Philippe2009","Metridium_senile","Cnidaria","Philippe_etal_superalignment_FixedNames","Metridium_senile"
"Philippe2009","Montastraea_faveolata","Cnidaria","Philippe_etal_superalignment_FixedNames","Montastraea_faveolata"
"Philippe2009","Nematostella_vectensis","Cnidaria","Philippe_etal_superalignment_FixedNames","Nematostella_vectensis"
"Philippe2009","Podocoryne_carnea","Cnidaria","Philippe_etal_superalignment_FixedNames","Podocoryne_carnea"
"Philippe2009","mertensiid_sp","Ctenophora","Philippe_etal_superalignment_FixedNames","Mertensiid_sp"
"Philippe2009","Mnemiopsis_leidyi","Ctenophora","Philippe_etal_superalignment_FixedNames","Mnemiopsis_leidyi"
"Philippe2009","Pleurobrachia_pileus","Ctenophora","Philippe_etal_superalignment_FixedNames","Pleurobrachia_pileus"
"Philippe2009","AllomycesXmacrogynus","Outgroup","Philippe_etal_superalignment_FixedNames","Allomyces_macrogynus"
"Philippe2009","Amoebidium_parasiticum","Outgroup","Philippe_etal_superalignment_FixedNames","Amoebidium_parasiticum"
"Philippe2009","Batrachochytrium_dendrobatidis","Outgroup","Philippe_etal_superalignment_FixedNames","Batrachochytrium_dendrobatidis"
"Philippe2009","Capsaspora_owczarzaki","Outgroup","Philippe_etal_superalignment_FixedNames","Capsaspora_owczarzaki"
"Philippe2009","MonosigaXbrevicollis","Outgroup","Philippe_etal_superalignment_FixedNames","Monosiga_brevicollis"
"Philippe2009","MonosigaXovata","Outgroup","Philippe_etal_superalignment_FixedNames","Monosiga_ovata"
"Philippe2009","Phycomyces_blakesleeanus","Outgroup","Philippe_etal_superalignment_FixedNames","Phycomyces_blakesleeanus"
"Philippe2009","Proterospongia_sp","Outgroup","Philippe_etal_superalignment_FixedNames","Proterospongia_sp"
"Philippe2009","RhizopusXoryzae","Outgroup","Philippe_etal_superalignment_FixedNames","Rhizopus_oryzae"
"Philippe2009","Sphaeroforma_arctica","Outgroup","Philippe_etal_superalignment_FixedNames","Sphaeroforma_arctica"
"Philippe2009","Spizellomyces_punctatus","Outgroup","Philippe_etal_superalignment_FixedNames","Spizellomyces_punctatus"
"Philippe2009","Trichoplax_adhaerens","Placozoa","Philippe_etal_superalignment_FixedNames","Trichoplax_adhaerens"
"Philippe2009","Carteriospongia_foliascens","Porifera","Philippe_etal_superalignment_FixedNames","Carteriospongia_foliascens"
"Philippe2009","Ephydatia_muelleri","Porifera","Philippe_etal_superalignment_FixedNames","Ephydatia_muelleri"
"Philippe2009","Heterochone_sp","Porifera","Philippe_etal_superalignment_FixedNames","Heterochone_sp"
"Philippe2009","LeucettaXchagosensis","Porifera","Philippe_etal_superalignment_FixedNames","Leucetta_chagosensis"
"Philippe2009","OopsacasXminuta","Porifera","Philippe_etal_superalignment_FixedNames","Oopsacas_minuta"
"Philippe2009","Oscarella_carmela","Porifera","Philippe_etal_superalignment_FixedNames","Oscarella_carmela"
"Philippe2009","RenieraXsp","Porifera","Philippe_etal_superalignment_FixedNames","Reniera_sp"
"Philippe2009","Suberites_domuncula","Porifera","Philippe_etal_superalignment_FixedNames","Suberites_domuncula"
"Philippe2009","SyconXraphanus","Porifera","Philippe_etal_superalignment_FixedNames","Sycon_raphanus"
"Philippe2011","Acanthoscurria_gomesiana","Bilateria","UPDUNN_MB_FixedNames","Acanthoscurria_gomesiana"
"Philippe2011","Anoplodactylus_eroticus","Bilateria","UPDUNN_MB_FixedNames","Anoplodactylus_eroticus"
"Philippe2011","Aplysia_californica","Bilateria","UPDUNN_MB_FixedNames","Aplysia_californica"
"Philippe2011","Argopecten_irradians","Bilateria","UPDUNN_MB_FixedNames","Argopecten_irradians"
"Philippe2011","Asterina_pectinifera","Bilateria","UPDUNN_MB_FixedNames","Asterina_pectinifera"
"Philippe2011","Biomphalaria_glabrata","Bilateria","UPDUNN_MB_FixedNames","Biomphalaria_glabrata"
"Philippe2011","Boophilus_microplus","Bilateria","UPDUNN_MB_FixedNames","Boophilus_microplus"
"Philippe2011","Brachionus_plicatilis","Bilateria","UPDUNN_MB_FixedNames","Brachionus_plicatilis"
"Philippe2011","Branchiostoma_floridae","Bilateria","UPDUNN_MB_FixedNames","Branchiostoma_floridae"
"Philippe2011","Bugula_neritina","Bilateria","UPDUNN_MB_FixedNames","Bugula_neritina"
"Philippe2011","Capitella_sp__i_ecs-2004","Bilateria","UPDUNN_MB_FixedNames","Capitella_teleta"
"Philippe2011","Carcinoscorpius_rotundicauda","Bilateria","UPDUNN_MB_FixedNames","Carcinoscorpius_rotundicauda"
"Philippe2011","Carcinus_maenas","Bilateria","UPDUNN_MB_FixedNames","Carcinus_maenas"
"Philippe2011","Carinoma_mutabilis","Bilateria","UPDUNN_MB_FixedNames","Carinoma_mutabilis"
"Philippe2011","Cerebratulus_lacteus","Bilateria","UPDUNN_MB_FixedNames","Cerebratulus_lacteus"
"Philippe2011","Chaetoderma_nitidulum","Bilateria","UPDUNN_MB_FixedNames","Chaetoderma_nitidulum"
"Philippe2011","Chaetopleura_apiculata","Bilateria","UPDUNN_MB_FixedNames","Chaetopleura_apiculata"
"Philippe2011","Chaetopterus_sp","Bilateria","UPDUNN_MB_FixedNames","Chaetopterus_sp"
"Philippe2011","Ciona_intestinalis","Bilateria","UPDUNN_MB_FixedNames","Ciona_intestinalis"
"Philippe2011","Crassostrea_gigas","Bilateria","UPDUNN_MB_FixedNames","Crassostrea_gigas"
"Philippe2011","Cristatella_mucedo","Bilateria","UPDUNN_MB_FixedNames","Cristatella_mucedo"
"Philippe2011","Daphnia_pulex","Bilateria","UPDUNN_MB_FixedNames","Daphnia_pulex"
"Philippe2011","Drosophila_melanogaster","Bilateria","UPDUNN_MB_FixedNames","Drosophila_melanogaster"
"Philippe2011","Dugesia_japonica","Bilateria","UPDUNN_MB_FixedNames","Dugesia_japonica"
"Philippe2011","Echinococcus_granulosus","Bilateria","UPDUNN_MB_FixedNames","Echinococcus_granulosus"
"Philippe2011","Echinoderes_horni","Bilateria","UPDUNN_MB_FixedNames","Echinoderes_horni"
"Philippe2011","Euperipatoides_kanangrensis","Bilateria","UPDUNN_MB_FixedNames","Euperipatoides_kanangrensis"
"Philippe2011","Euprymna_scolopes","Bilateria","UPDUNN_MB_FixedNames","Euprymna_scolopes"
"Philippe2011","Fenneropenaeus_chinensis","Bilateria","UPDUNN_MB_FixedNames","Fenneropenaeus_chinensis"
"Philippe2011","Flaccisagitta_enflata","Bilateria","UPDUNN_MB_FixedNames","Flaccisagitta_enflata"
"Philippe2011","Gallus_gallus","Bilateria","UPDUNN_MB_FixedNames","Gallus_gallus"
"Philippe2011","Gnathostomula_peregrina","Bilateria","UPDUNN_MB_FixedNames","Gnathostomula_peregrina"
"Philippe2011","Haementeria_depressa","Bilateria","UPDUNN_MB_FixedNames","Haementeria_depressa"
"Philippe2011","Homo_sapiens","Bilateria","UPDUNN_MB_FixedNames","Homo_sapiens"
"Philippe2011","Hypsibius_dujardini","Bilateria","UPDUNN_MB_FixedNames","Hypsibius_dujardini"
"Philippe2011","Lumbricus_rubellus","Bilateria","UPDUNN_MB_FixedNames","Lumbricus_rubellus"
"Philippe2011","Macrostomum_lignano","Bilateria","UPDUNN_MB_FixedNames","Macrostomum_lignano"
"Philippe2011","Mytilus_galloprovincialis","Bilateria","UPDUNN_MB_FixedNames","Mytilus_galloprovincialis"
"Philippe2011","Myzostoma_seymourcollegiorum","Bilateria","UPDUNN_MB_FixedNames","Myzostoma_seymourcollegiorum"
"Philippe2011","Neochildia_fusca","Bilateria","UPDUNN_MB_FixedNames","Neochildia_fusca"
"Philippe2011","Paraplanocera_sp","Bilateria","UPDUNN_MB_FixedNames","Paraplanocera_oligoglena"
"Philippe2011","Pedicellina_cernua","Bilateria","UPDUNN_MB_FixedNames","Pedicellina_cernua"
"Philippe2011","Philodina_roseola","Bilateria","UPDUNN_MB_FixedNames","Philodina_roseola"
"Philippe2011","Phoronis_vancouverensis","Bilateria","UPDUNN_MB_FixedNames","Phoronis_vancouverensis"
"Philippe2011","Platynereis_dumerilii","Bilateria","UPDUNN_MB_FixedNames","Platynereis_dumerilii"
"Philippe2011","Priapulus_caudatus","Bilateria","UPDUNN_MB_FixedNames","Priapulus_caudatus"
"Philippe2011","Ptychodera_flava","Bilateria","UPDUNN_MB_FixedNames","Ptychodera_flava"
"Philippe2011","Richtersius_coronifer","Bilateria","UPDUNN_MB_FixedNames","Richtersius_coronifer"
"Philippe2011","Saccoglossus_kowalevskii","Bilateria","UPDUNN_MB_FixedNames","Saccoglossus_kowalevskii"
"Philippe2011","Schmidtea_mediterranea","Bilateria","UPDUNN_MB_FixedNames","Schmidtea_mediterranea"
"Philippe2011","Scutigera_coleoptrata","Bilateria","UPDUNN_MB_FixedNames","Scutigera_coleoptrata"
"Philippe2011","Spadella_cephaloptera","Bilateria","UPDUNN_MB_FixedNames","Spadella_cephaloptera"
"Philippe2011","Spinochordodes_tellinii","Bilateria","UPDUNN_MB_FixedNames","Spinochordodes_tellinii"
"Philippe2011","Strongylocentrotus_purpuratus","Bilateria","UPDUNN_MB_FixedNames","Strongylocentrotus_purpuratus"
"Philippe2011","Symsagittifera_roscoffensis","Bilateria","UPDUNN_MB_FixedNames","Symsagittifera_roscoffensis"
"Philippe2011","Terebratalia_transversa","Bilateria","UPDUNN_MB_FixedNames","Terebratalia_transversa"
"Philippe2011","Themiste_lageniformis","Bilateria","UPDUNN_MB_FixedNames","Themiste_lageniformis"
"Philippe2011","Trichinella_spiralis","Bilateria","UPDUNN_MB_FixedNames","Trichinella_spiralis"
"Philippe2011","Turbanella_ambronensis","Bilateria","UPDUNN_MB_FixedNames","Turbanella_ambronensis"
"Philippe2011","Urechis_caupo","Bilateria","UPDUNN_MB_FixedNames","Urechis_caupo"
"Philippe2011","Xenoturbella_bocki","Bilateria","UPDUNN_MB_FixedNames","Xenoturbella_bocki"
"Philippe2011","Xiphinema_index","Bilateria","UPDUNN_MB_FixedNames","Xiphinema_index"
"Philippe2011","Acropora_millepora","Cnidaria","UPDUNN_MB_FixedNames","Acropora_millepora"
"Philippe2011","Cyanea_capillata","Cnidaria","UPDUNN_MB_FixedNames","Cyanea_capillata"
"Philippe2011","Hydra_magnipapillata","Cnidaria","UPDUNN_MB_FixedNames","Hydra_vulgaris"
"Philippe2011","Hydractinia_echinata","Cnidaria","UPDUNN_MB_FixedNames","Hydractinia_echinata"
"Philippe2011","Nematostella_vectensis","Cnidaria","UPDUNN_MB_FixedNames","Nematostella_vectensis"
"Philippe2011","mertensiid_sp","Ctenophora","UPDUNN_MB_FixedNames","Mertensiid_sp"
"Philippe2011","Mnemiopsis_leidyi","Ctenophora","UPDUNN_MB_FixedNames","Mnemiopsis_leidyi"
"Philippe2011","Amoebidium_parasiticum","Outgroup","UPDUNN_MB_FixedNames","Amoebidium_parasiticum"
"Philippe2011","Capsaspora_owczarzaki","Outgroup","UPDUNN_MB_FixedNames","Capsaspora_owczarzaki"
"Philippe2011","Cryptococcus_neoformans","Outgroup","UPDUNN_MB_FixedNames","Cryptococcus_neoformans"
"Philippe2011","Monosiga_ovata","Outgroup","UPDUNN_MB_FixedNames","Monosiga_ovata"
"Philippe2011","Saccharomyces_cerevisiae","Outgroup","UPDUNN_MB_FixedNames","Saccharomyces_cerevisiae"
"Philippe2011","Sphaeroforma_arctica","Outgroup","UPDUNN_MB_FixedNames","Sphaeroforma_arctica"
"Philippe2011","Reniera_sp","Porifera","UPDUNN_MB_FixedNames","Amphimedon_queenslandica"
"Philippe2011","Oscarella_carmela","Porifera","UPDUNN_MB_FixedNames","Oscarella_carmela"
"Pick2010","Acanthoscu","Bilateria","Pick2010","Acanthoscurria_gomesiana"
"Pick2010","Anoplodact","Bilateria","Pick2010","Anoplodactylus_eroticus"
"Pick2010","Aplysia_ca","Bilateria","Pick2010","Aplysia_californica"
"Pick2010","Argopecten","Bilateria","Pick2010","Argopecten_irradians"
"Pick2010","Asterina_p","Bilateria","Pick2010","Asterina_pectinifera"
"Pick2010","Biomphalar","Bilateria","Pick2010","Biomphalaria_glabrata"
"Pick2010","Boophilus_","Bilateria","Pick2010","Boophilus_microplus"
"Pick2010","Branchiost","Bilateria","Pick2010","Branchiostoma_floridae"
"Pick2010","Capitella_","Bilateria","Pick2010","Capitella_sp"
"Pick2010","Carcinosco","Bilateria","Pick2010","Carcinoscorpius_rotundicauda"
"Pick2010","Carinoma_m","Bilateria","Pick2010","Carinoma_mutabilis"
"Pick2010","Cerebratul","Bilateria","Pick2010","Cerebratulus_lacteus"
"Pick2010","Chaetoderm","Bilateria","Pick2010","Chaetoderma_nitidulum"
"Pick2010","Chaetopleu","Bilateria","Pick2010","Chaetopleura_apiculata"
"Pick2010","Chaetopter","Bilateria","Pick2010","Chaetopterus_sp"
"Pick2010","Ciona_inte","Bilateria","Pick2010","Ciona_intestinalis"
"Pick2010","Crassostre","Bilateria","Pick2010","Crassostrea_virginica"
"Pick2010","Daphnia_pu","Bilateria","Pick2010","Daphnia_pulex"
"Pick2010","Drosophila","Bilateria","Pick2010","Drosophila_melanogaster"
"Pick2010","Dugesia_ja","Bilateria","Pick2010","Dugesia_japonica"
"Pick2010","Echinococc","Bilateria","Pick2010","Echinococcus_granulosus"
"Pick2010","Echinodere","Bilateria","Pick2010","Echinoderes_horni"
"Pick2010","Euperipato","Bilateria","Pick2010","Euperipatoides_kanangrensis"
"Pick2010","Euprymna_s","Bilateria","Pick2010","Euprymna_scolopes"
"Pick2010","Gallus_gal","Bilateria","Pick2010","Gallus_gallus"
"Pick2010","Haementeri","Bilateria","Pick2010","Haementeria_depressa"
"Pick2010","Homarus_am","Bilateria","Pick2010","Homarus_americanus"
"Pick2010","Homo_sapie","Bilateria","Pick2010","Homo_sapiens"
"Pick2010","Hypsibius_","Bilateria","Pick2010","Hypsibius_dujardini"
"Pick2010","Litopenaeu","Bilateria","Pick2010","Litopenaeus_vannamei"
"Pick2010","Lumbricus_","Bilateria","Pick2010","Lumbricus_rubellus"
"Pick2010","Macrostomu","Bilateria","Pick2010","Macrostomum_lignano"
"Pick2010","Mytilus_ga","Bilateria","Pick2010","Mytilus_galloprovincialis"
"Pick2010","Paraplanoc","Bilateria","Pick2010","Paraplanocera_sp"
"Pick2010","Phoronis_v","Bilateria","Pick2010","Phoronis_vancouverensis"
"Pick2010","Platynerei","Bilateria","Pick2010","Platynereis_dumerilii"
"Pick2010","Priapulus_","Bilateria","Pick2010","Priapulus_caudatus"
"Pick2010","Ptychodera","Bilateria","Pick2010","Ptychodera_flava"
"Pick2010","Richtersiu","Bilateria","Pick2010","Richtersius_coronifer"
"Pick2010","Saccogloss","Bilateria","Pick2010","Saccoglossus_kowalevskii"
"Pick2010","Schmidtea_","Bilateria","Pick2010","Schmidtea_mediterranea"
"Pick2010","Scutigera_","Bilateria","Pick2010","Scutigera_coleoptrata"
"Pick2010","Spinochord","Bilateria","Pick2010","Spinochordodes_tellinii"
"Pick2010","Strongyloc","Bilateria","Pick2010","Strongylocentrotus_purpuratus"
"Pick2010","Terebratal","Bilateria","Pick2010","Terebratalia_transversa"
"Pick2010","Themiste_l","Bilateria","Pick2010","Themiste_lageniformis"
"Pick2010","Trichinell","Bilateria","Pick2010","Trichinella_spiralis"
"Pick2010","Urechis_ca","Bilateria","Pick2010","Urechis_caupo"
"Pick2010","Xenoturbel","Bilateria","Pick2010","Xenoturbella_bocki"
"Pick2010","Xiphinema_","Bilateria","Pick2010","Xiphinema_index"
"Pick2010","Acropora_m","Cnidaria","Pick2010","Acropora_millepora"
"Pick2010","Anemonia_v","Cnidaria","Pick2010","Anemonia_viridis"
"Pick2010","Clytia_hem","Cnidaria","Pick2010","Clytia_hemisphaerica"
"Pick2010","Cyanea_cap","Cnidaria","Pick2010","Cyanea_capillata"
"Pick2010","Hydra_magn","Cnidaria","Pick2010","Hydra_magnipapillata"
"Pick2010","Hydractini","Cnidaria","Pick2010","Hydractinia_echinata"
"Pick2010","Metridium_","Cnidaria","Pick2010","Metridium_senile"
"Pick2010","Montastrae","Cnidaria","Pick2010","Montastraea_faveolata"
"Pick2010","Nematostel","Cnidaria","Pick2010","Nematostella_vectensis"
"Pick2010","Podocoryne","Cnidaria","Pick2010","Podocoryne_carnea"
"Pick2010","mertensiid","Ctenophora","Pick2010","Mertensiid_sp"
"Pick2010","Mnemiopsis","Ctenophora","Pick2010","Mnemiopsis_leidyi"
"Pick2010","Pleurobrac","Ctenophora","Pick2010","Pleurobrachia_pileus"
"Pick2010","Amoebidium","Outgroup","Pick2010","Amoebidium_parasiticum"
"Pick2010","Capsaspora","Outgroup","Pick2010","Capsaspora_owczarzaki"
"Pick2010","Monosiga_b","Outgroup","Pick2010","Monosiga_brevicollis"
"Pick2010","Monosiga00","Outgroup","Pick2010","Monosiga_ovata"
"Pick2010","Proterospo","Outgroup","Pick2010","Proterospongia_sp"
"Pick2010","Sphaerofor","Outgroup","Pick2010","Sphaeroforma_arctica"
"Pick2010","Trichoplax","Placozoa","Pick2010","Trichoplax_adhaerens"
"Pick2010","Amphimedon","Porifera","Pick2010","Amphimedon_queenslandica"
"Pick2010","Carteriosp","Porifera","Pick2010","Carteriospongia_foliascens"
"Pick2010","Crateromor","Porifera","Pick2010","Crateromorpha_meyeri"
"Pick2010","Ephydatia_","Porifera","Pick2010","Ephydatia_muelleri"
"Pick2010","Heterochon","Porifera","Pick2010","Heterochone_calyx"
"Pick2010","Leucetta_c","Porifera","Pick2010","Leucetta_chagosensis"
"Pick2010","Lubomirski","Porifera","Pick2010","Lubomirskia_baicalensis"
"Pick2010","Oopsacas_m","Porifera","Pick2010","Oopsacas_minuta"
"Pick2010","Oscarella_","Porifera","Pick2010","Oscarella_sp"
"Pick2010","Oscarell00","Porifera","Pick2010","Oscarella_sp_00"
"Pick2010","Pachydicty","Porifera","Pick2010","Pachydictyum_globosum"
"Pick2010","Suberites_","Porifera","Pick2010","Suberites_domuncula"
"Pick2010","Sycon_raph","Porifera","Pick2010","Sycon_raphanus"
"Ryan2013","Anoplodactylus_eroticus","Bilateria","REA_EST_includingXenoturbella","Anoplodactylus_eroticus"
"Ryan2013","Asterina_pectinifera","Bilateria","REA_EST_includingXenoturbella","Asterina_pectinifera"
"Ryan2013","Boophilus_microplus","Bilateria","REA_EST_includingXenoturbella","Boophilus_microplus"
"Ryan2013","Branchiostoma_floridae","Bilateria","REA_EST_includingXenoturbella","Branchiostoma_floridae"
"Ryan2013","Capitella_telata","Bilateria","REA_EST_includingXenoturbella","Capitella_teleta"
"Ryan2013","Cerebratulus_lacteus","Bilateria","REA_EST_includingXenoturbella","Cerebratulus_lacteus"
"Ryan2013","Ciona_intestinalis","Bilateria","REA_EST_includingXenoturbella","Ciona_intestinalis"
"Ryan2013","Convolutriloba_longifissura","Bilateria","REA_EST_includingXenoturbella","Convolutriloba_longifissura"
"Ryan2013","Crassostrea_virginica","Bilateria","REA_EST_includingXenoturbella","Crassostrea_virginica"
"Ryan2013","Daphnia_pulex","Bilateria","REA_EST_includingXenoturbella","Daphnia_pulex"
"Ryan2013","Drosophila_melanogaster","Bilateria","REA_EST_includingXenoturbella","Drosophila_melanogaster"
"Ryan2013","Echinoderes_horni","Bilateria","REA_EST_includingXenoturbella","Echinoderes_horni"
"Ryan2013","Euperipatoides_kanangrensis","Bilateria","REA_EST_includingXenoturbella","Euperipatoides_kanangrensis"
"Ryan2013","Euprymna_scolopes","Bilateria","REA_EST_includingXenoturbella","Euprymna_scolopes"
"Ryan2013","Gallus_gallus","Bilateria","REA_EST_includingXenoturbella","Gallus_gallus"
"Ryan2013","Halocynthia_roretzi","Bilateria","REA_EST_includingXenoturbella","Halocynthia_roretzi"
"Ryan2013","Helobdella_robusta","Bilateria","REA_EST_includingXenoturbella","Helobdella_robusta"
"Ryan2013","Isodiametra_pulchra","Bilateria","REA_EST_includingXenoturbella","Isodiametra_pulchra"
"Ryan2013","Lottia_gigantea","Bilateria","REA_EST_includingXenoturbella","Lottia_gigantea"
"Ryan2013","Meara_stichopi","Bilateria","REA_EST_includingXenoturbella","Meara_stichopi"
"Ryan2013","Nemertoderma_westbladi","Bilateria","REA_EST_includingXenoturbella","Nemertoderma_westbladi"
"Ryan2013","Paraplanocera_oligoglena","Bilateria","REA_EST_includingXenoturbella","Paraplanocera_oligoglena"
"Ryan2013","Petromyzon_marinus","Bilateria","REA_EST_includingXenoturbella","Petromyzon_marinus"
"Ryan2013","Ptychodera_flava","Bilateria","REA_EST_includingXenoturbella","Ptychodera_flava"
"Ryan2013","Saccoglossus_kowalevskii","Bilateria","REA_EST_includingXenoturbella","Saccoglossus_kowalevskii"
"Ryan2013","Schmidtea_mediterranea","Bilateria","REA_EST_includingXenoturbella","Schmidtea_mediterranea"
"Ryan2013","Strongylocentrotus_purpuratus","Bilateria","REA_EST_includingXenoturbella","Strongylocentrotus_purpuratus"
"Ryan2013","Symsagittifera_roscoffensis","Bilateria","REA_EST_includingXenoturbella","Symsagittifera_roscoffensis"
"Ryan2013","Terebratalia_transversa","Bilateria","REA_EST_includingXenoturbella","Terebratalia_transversa"
"Ryan2013","Xenoturbella_bocki","Bilateria","REA_EST_includingXenoturbella","Xenoturbella_bocki"
"Ryan2013","Xiphinema_index","Bilateria","REA_EST_includingXenoturbella","Xiphinema_index"
"Ryan2013","Acropora_millepora","Cnidaria","REA_EST_includingXenoturbella","Acropora_millepora"
"Ryan2013","Acropora_palmata","Cnidaria","REA_EST_includingXenoturbella","Acropora_palmata"
"Ryan2013","Aiptasia_pallida","Cnidaria","REA_EST_includingXenoturbella","Aiptasia_pallida"
"Ryan2013","Anemonia_viridis","Cnidaria","REA_EST_includingXenoturbella","Anemonia_viridis"
"Ryan2013","Clytia_hemisphaerica","Cnidaria","REA_EST_includingXenoturbella","Clytia_hemisphaerica"
"Ryan2013","Cyanea_capillata","Cnidaria","REA_EST_includingXenoturbella","Cyanea_capillata"
"Ryan2013","Hydra_magnipapillata","Cnidaria","REA_EST_includingXenoturbella","Hydra_vulgaris"
"Ryan2013","Hydractinia_echinata","Cnidaria","REA_EST_includingXenoturbella","Hydractinia_echinata"
"Ryan2013","Metridium_senile","Cnidaria","REA_EST_includingXenoturbella","Metridium_senile"
"Ryan2013","Nematostella_vectensis","Cnidaria","REA_EST_includingXenoturbella","Nematostella_vectensis"
"Ryan2013","Montastraea_faveolata","Cnidaria","REA_EST_includingXenoturbella","Orbicella_faveolata"
"Ryan2013","Podocoryna_carnea","Cnidaria","REA_EST_includingXenoturbella","Podocoryna_carnea"
"Ryan2013","Porites_astreoides","Cnidaria","REA_EST_includingXenoturbella","Porites_astreoides"
"Ryan2013","Mertensiid_sp","Ctenophora","REA_EST_includingXenoturbella","Mertensiid_sp"
"Ryan2013","Mnemiopsis_leidyi","Ctenophora","REA_EST_includingXenoturbella","Mnemiopsis_leidyi"
"Ryan2013","Pleurobrachia_pileus","Ctenophora","REA_EST_includingXenoturbella","Pleurobrachia_pileus"
"Ryan2013","Monosiga_brevicollis","Outgroup","REA_EST_includingXenoturbella","Monosiga_brevicollis"
"Ryan2013","Monosiga_ovata","Outgroup","REA_EST_includingXenoturbella","Monosiga_ovata"
"Ryan2013","Salpingoeca_rosetta","Outgroup","REA_EST_includingXenoturbella","Salpingoeca_rosetta"
"Ryan2013","Trichoplax_adhaerens","Placozoa","REA_EST_includingXenoturbella","Trichoplax_adhaerens"
"Ryan2013","Amphimedon_queenslandica","Porifera","REA_EST_includingXenoturbella","Amphimedon_queenslandica"
"Ryan2013","Carteriospongia_foliascens","Porifera","REA_EST_includingXenoturbella","Carteriospongia_foliascens"
"Ryan2013","Ephydatia_muelleri","Porifera","REA_EST_includingXenoturbella","Ephydatia_muelleri"
"Ryan2013","Leucetta_chagosensis","Porifera","REA_EST_includingXenoturbella","Leucetta_chagosensis"
"Ryan2013","Lubomirskia_baicalensis","Porifera","REA_EST_includingXenoturbella","Lubomirskia_baicalensis"
"Ryan2013","Oopsacas_minuta","Porifera","REA_EST_includingXenoturbella","Oopsacas_minuta"
"Ryan2013","Oscarella_carmela","Porifera","REA_EST_includingXenoturbella","Oscarella_carmela"
"Ryan2013","Oscarella_lobularis","Porifera","REA_EST_includingXenoturbella","Oscarella_lobularis"
"Ryan2013","Suberites_domuncula","Porifera","REA_EST_includingXenoturbella","Suberites_domuncula"
"Ryan2013","Sycon_raphanus","Porifera","REA_EST_includingXenoturbella","Sycon_raphanus"
"Simion2017","Aplysia_californica","Bilateria","supermatrix_97sp_401632pos_1719genes","Aplysia_californica"
"Simion2017","Branchiostoma_floridae","Bilateria","supermatrix_97sp_401632pos_1719genes","Branchiostoma_floridae"
"Simion2017","Capitella_teleta","Bilateria","supermatrix_97sp_401632pos_1719genes","Capitella_teleta"
"Simion2017","Crassostrea_gigas","Bilateria","supermatrix_97sp_401632pos_1719genes","Crassostrea_gigas"
"Simion2017","Daphnia_pulex","Bilateria","supermatrix_97sp_401632pos_1719genes","Daphnia_pulex"
"Simion2017","Helobdella_robusta","Bilateria","supermatrix_97sp_401632pos_1719genes","Helobdella_robusta"
"Simion2017","Homo_sapiens","Bilateria","supermatrix_97sp_401632pos_1719genes","Homo_sapiens"
"Simion2017","Ixodes_scapularis","Bilateria","supermatrix_97sp_401632pos_1719genes","Ixodes_scapularis"
"Simion2017","Saccoglossus_kowalevskii","Bilateria","supermatrix_97sp_401632pos_1719genes","Saccoglossus_kowalevskii"
"Simion2017","Strongylocentrotus_purpuratus","Bilateria","supermatrix_97sp_401632pos_1719genes","Strongylocentrotus_purpuratus"
"Simion2017","Tribolium_castaneum","Bilateria","supermatrix_97sp_401632pos_1719genes","Tribolium_castaneum"
"Simion2017","Aiptasia_pallida","Cnidaria","supermatrix_97sp_401632pos_1719genes","Aiptasia_pallida"
"Simion2017","Alatina_alata","Cnidaria","supermatrix_97sp_401632pos_1719genes","Alatina_alata"
"Simion2017","Antipathes_caribbeana","Cnidaria","supermatrix_97sp_401632pos_1719genes","Antipathes_caribbeana"
"Simion2017","Atolla_vanhoeffeni","Cnidaria","supermatrix_97sp_401632pos_1719genes","Atolla_vanhoeffeni"
"Simion2017","Aurelia_aurita","Cnidaria","supermatrix_97sp_401632pos_1719genes","Aurelia_aurita"
"Simion2017","Bolocera_tuedia","Cnidaria","supermatrix_97sp_401632pos_1719genes","Bolocera_tuedia"
"Simion2017","Clytia_hemisphaerica","Cnidaria","supermatrix_97sp_401632pos_1719genes","Clytia_hemisphaerica"
"Simion2017","Craspedacusta_sowerbyi","Cnidaria","supermatrix_97sp_401632pos_1719genes","Craspedacusta_sowerbyi"
"Simion2017","Edwardsiella_lineata","Cnidaria","supermatrix_97sp_401632pos_1719genes","Edwardsiella_lineata"
"Simion2017","Gorgonia_ventalina","Cnidaria","supermatrix_97sp_401632pos_1719genes","Gorgonia_ventalina"
"Simion2017","Hydra_magnipapillata","Cnidaria","supermatrix_97sp_401632pos_1719genes","Hydra_magnipapillata"
"Simion2017","Hydractinia_polyclina","Cnidaria","supermatrix_97sp_401632pos_1719genes","Hydractinia_polyclina"
"Simion2017","Liriope_tetraphylla","Cnidaria","supermatrix_97sp_401632pos_1719genes","Liriope_tetraphylla"
"Simion2017","Lucernariopsis_campanulata","Cnidaria","supermatrix_97sp_401632pos_1719genes","Lucernariopsis_campanulata"
"Simion2017","Montastraea_faveolata","Cnidaria","supermatrix_97sp_401632pos_1719genes","Montastraea_faveolata"
"Simion2017","Nanomia_bijuga","Cnidaria","supermatrix_97sp_401632pos_1719genes","Nanomia_bijuga"
"Simion2017","Nematostella_vectensis","Cnidaria","supermatrix_97sp_401632pos_1719genes","Nematostella_vectensis"
"Simion2017","Pelagia_noctiluca","Cnidaria","supermatrix_97sp_401632pos_1719genes","Pelagia_noctiluca"
"Simion2017","Pennatula_rubra","Cnidaria","supermatrix_97sp_401632pos_1719genes","Pennatula_rubra"
"Simion2017","Periphylla_periphylla","Cnidaria","supermatrix_97sp_401632pos_1719genes","Periphylla_periphylla"
"Simion2017","Plumapathes_pennacea","Cnidaria","supermatrix_97sp_401632pos_1719genes","Plumapathes_pennacea"
"Simion2017","Porites_australiensis","Cnidaria","supermatrix_97sp_401632pos_1719genes","Porites_australiensis"
"Simion2017","Stomolophus_meleagris","Cnidaria","supermatrix_97sp_401632pos_1719genes","Stomolophus_meleagris"
"Simion2017","Beroe_abyssicola","Ctenophora","supermatrix_97sp_401632pos_1719genes","Beroe_abyssicola"
"Simion2017","Beroe_sp.","Ctenophora","supermatrix_97sp_401632pos_1719genes","Beroe_sp"
"Simion2017","Bolinopsis_infundibulum","Ctenophora","supermatrix_97sp_401632pos_1719genes","Bolinopsis_infundibulum"
"Simion2017","Cestum_veneris","Ctenophora","supermatrix_97sp_401632pos_1719genes","Cestum_veneris"
"Simion2017","Coeloplana_species","Ctenophora","supermatrix_97sp_401632pos_1719genes","Coeloplana_species"
"Simion2017","Dryodora_glandiformis","Ctenophora","supermatrix_97sp_401632pos_1719genes","Dryodora_glandiformis"
"Simion2017","Euplokamis_dunlapae","Ctenophora","supermatrix_97sp_401632pos_1719genes","Euplokamis_dunlapae"
"Simion2017","Hormiphora_californensis","Ctenophora","supermatrix_97sp_401632pos_1719genes","Hormiphora_californensis"
"Simion2017","Lampea_pancerina","Ctenophora","supermatrix_97sp_401632pos_1719genes","Lampea_pancerina"
"Simion2017","Mnemiopsis_leidyi","Ctenophora","supermatrix_97sp_401632pos_1719genes","Mnemiopsis_leidyi"
"Simion2017","Pleurobrachia_species","Ctenophora","supermatrix_97sp_401632pos_1719genes","Pleurobrachia_species"
"Simion2017","Vallicula_multiformis","Ctenophora","supermatrix_97sp_401632pos_1719genes","Vallicula_multiformis"
"Simion2017","Abeoforma_whisleri","Outgroup","supermatrix_97sp_401632pos_1719genes","Abeoforma_whisleri"
"Simion2017","Acanthoeca_sp._10tr","Outgroup","supermatrix_97sp_401632pos_1719genes","Acanthoeca_sp"
"Simion2017","Acanthoeca_spectabilis_VA_02","Outgroup","supermatrix_97sp_401632pos_1719genes","Acanthoeca_spectabilis"
"Simion2017","Amoebidium_parasiticum_JAP72","Outgroup","supermatrix_97sp_401632pos_1719genes","Amoebidium_parasiticum"
"Simion2017","Capsaspora_owczarzaki_atcc30864","Outgroup","supermatrix_97sp_401632pos_1719genes","Capsaspora_owczarzaki"
"Simion2017","Choanoeca_perplexa_11","Outgroup","supermatrix_97sp_401632pos_1719genes","Choanoeca_perplexa"
"Simion2017","Codosiga_hollandica_17","Outgroup","supermatrix_97sp_401632pos_1719genes","Codosiga_hollandica"
"Simion2017","Creolimax_fragrantissima","Outgroup","supermatrix_97sp_401632pos_1719genes","Creolimax_fragrantissima"
"Simion2017","Diaphanoeca_grandis_RI_01","Outgroup","supermatrix_97sp_401632pos_1719genes","Diaphanoeca_grandis"
"Simion2017","Didymoeca_costata_10","Outgroup","supermatrix_97sp_401632pos_1719genes","Didymoeca_costata"
"Simion2017","Ministeria_vibrans","Outgroup","supermatrix_97sp_401632pos_1719genes","Ministeria_vibrans"
"Simion2017","Monosiga_brevicollis_mx1","Outgroup","supermatrix_97sp_401632pos_1719genes","Monosiga_brevicollis"
"Simion2017","Mylnosiga_fluctuans_19","Outgroup","supermatrix_97sp_401632pos_1719genes","Mylnosiga_fluctuans"
"Simion2017","Pirum_gemmata","Outgroup","supermatrix_97sp_401632pos_1719genes","Pirum_gemmata"
"Simion2017","Salpingoeca_dolichothecata_16","Outgroup","supermatrix_97sp_401632pos_1719genes","Salpingoeca_dolichothecata"
"Simion2017","Salpingoeca_helianthica_18","Outgroup","supermatrix_97sp_401632pos_1719genes","Salpingoeca_helianthica"
"Simion2017","Salpingoeca_infusionum_12","Outgroup","supermatrix_97sp_401632pos_1719genes","Salpingoeca_infusionum"
"Simion2017","Salpingoeca_macrocollata_06","Outgroup","supermatrix_97sp_401632pos_1719genes","Salpingoeca_macrocollata"
"Simion2017","Salpingoeca_punica_03","Outgroup","supermatrix_97sp_401632pos_1719genes","Salpingoeca_punica"
"Simion2017","Salpingoeca_qvevrii_09","Outgroup","supermatrix_97sp_401632pos_1719genes","Salpingoeca_qvevrii"
"Simion2017","Salpingoeca_roanoka_13","Outgroup","supermatrix_97sp_401632pos_1719genes","Salpingoeca_roanoka"
"Simion2017","Salpingoeca_rosetta","Outgroup","supermatrix_97sp_401632pos_1719genes","Salpingoeca_rosetta"
"Simion2017","Salpingoeca_urceolata_04","Outgroup","supermatrix_97sp_401632pos_1719genes","Salpingoeca_urceolata"
"Simion2017","Sphaeroforma_arctica_JP610","Outgroup","supermatrix_97sp_401632pos_1719genes","Sphaeroforma_arctica"
"Simion2017","Stephanoeca_diplocostata_AUFR","Outgroup","supermatrix_97sp_401632pos_1719genes","Stephanoeca_diplocostata"
"Simion2017","Trichoplax_adhaerens","Placozoa","supermatrix_97sp_401632pos_1719genes","Trichoplax_adhaerens"
"Simion2017","Amphimedon_queenslandica","Porifera","supermatrix_97sp_401632pos_1719genes","Amphimedon_queenslandica"
"Simion2017","Aphrocallistes_vastus","Porifera","supermatrix_97sp_401632pos_1719genes","Aphrocallistes_vastus"
"Simion2017","Chondrilla_nucula","Porifera","supermatrix_97sp_401632pos_1719genes","Chondrilla_nucula"
"Simion2017","Clathrina_coriacea","Porifera","supermatrix_97sp_401632pos_1719genes","Clathrina_coriacea"
"Simion2017","Corticium_candelabrum","Porifera","supermatrix_97sp_401632pos_1719genes","Corticium_candelabrum"
"Simion2017","Ephydatia_muelleri","Porifera","supermatrix_97sp_401632pos_1719genes","Ephydatia_muelleri"
"Simion2017","Euplectella_aspergillum","Porifera","supermatrix_97sp_401632pos_1719genes","Euplectella_aspergillum"
"Simion2017","Grantia_compressa","Porifera","supermatrix_97sp_401632pos_1719genes","Grantia_compressa"
"Simion2017","Hyalonema_populiferum","Porifera","supermatrix_97sp_401632pos_1719genes","Hyalonema_populiferum"
"Simion2017","Ircinia_fasciculata","Porifera","supermatrix_97sp_401632pos_1719genes","Ircinia_fasciculata"
"Simion2017","Kirkpatrickia_variolosa","Porifera","supermatrix_97sp_401632pos_1719genes","Kirkpatrickia_variolosa"
"Simion2017","Latrunculia_apicalis","Porifera","supermatrix_97sp_401632pos_1719genes","Latrunculia_apicalis"
"Simion2017","Leuconia_nivea","Porifera","supermatrix_97sp_401632pos_1719genes","Leuconia_nivea"
"Simion2017","Leucosolenia_complicata","Porifera","supermatrix_97sp_401632pos_1719genes","Leucosolenia_complicata"
"Simion2017","Mycale_phyllophila","Porifera","supermatrix_97sp_401632pos_1719genes","Mycale_phyllophila"
"Simion2017","Oscarella_carmela","Porifera","supermatrix_97sp_401632pos_1719genes","Oscarella_carmela"
"Simion2017","Oscarella_species","Porifera","supermatrix_97sp_401632pos_1719genes","Oscarella_species"
"Simion2017","Petrosia_ficiformis","Porifera","supermatrix_97sp_401632pos_1719genes","Petrosia_ficiformis"
"Simion2017","Plakina_jani","Porifera","supermatrix_97sp_401632pos_1719genes","Plakina_jani"
"Simion2017","Pleraplysilla_spinifera","Porifera","supermatrix_97sp_401632pos_1719genes","Pleraplysilla_spinifera"
"Simion2017","Rossella_fibulata","Porifera","supermatrix_97sp_401632pos_1719genes","Rossella_fibulata"
"Simion2017","Spongilla_lacustris","Porifera","supermatrix_97sp_401632pos_1719genes","Spongilla_lacustris"
"Simion2017","Sycon_ciliatum","Porifera","supermatrix_97sp_401632pos_1719genes","Sycon_ciliatum"
"Simion2017","Sycon_coactum","Porifera","supermatrix_97sp_401632pos_1719genes","Sycon_coactum"
"Simion2017","Sympagella_nux","Porifera","supermatrix_97sp_401632pos_1719genes","Sympagella_nux"
"Whelan2015","Capitella_teleta","Bilateria","Dataset10_CertainPruned_LBAtaxa_LBAandHeteroGenesPruned","Capitella_teleta"
"Whelan2015","Danio_rerio","Bilateria","Dataset10_CertainPruned_LBAtaxa_LBAandHeteroGenesPruned","Danio_rerio"
"Whelan2015","Daphnia_pulex","Bilateria","Dataset10_CertainPruned_LBAtaxa_LBAandHeteroGenesPruned","Daphnia_pulex"
"Whelan2015","Drosophila_melanogaster","Bilateria","Dataset10_CertainPruned_LBAtaxa_LBAandHeteroGenesPruned","Drosophila_melanogaster"
"Whelan2015","Hemithiris_psittacea","Bilateria","Dataset10_CertainPruned_LBAtaxa_LBAandHeteroGenesPruned","Hemithiris_psittacea"
"Whelan2015","Homo_sapiens","Bilateria","Dataset10_CertainPruned_LBAtaxa_LBAandHeteroGenesPruned","Homo_sapiens"
"Whelan2015","Lithobius_forficatus","Bilateria","Dataset10_CertainPruned_LBAtaxa_LBAandHeteroGenesPruned","Lithobius_forficatus"
"Whelan2015","Lottia_gigantea","Bilateria","Dataset10_CertainPruned_LBAtaxa_LBAandHeteroGenesPruned","Lottia_gigantea"
"Whelan2015","Petromyzon_marinus","Bilateria","Dataset10_CertainPruned_LBAtaxa_LBAandHeteroGenesPruned","Petromyzon_marinus"
"Whelan2015","Priapulus_caudatus","Bilateria","Dataset10_CertainPruned_LBAtaxa_LBAandHeteroGenesPruned","Priapulus_caudatus"
"Whelan2015","Saccoglossus_kowalevskii","Bilateria","Dataset10_CertainPruned_LBAtaxa_LBAandHeteroGenesPruned","Saccoglossus_kowalevskii"
"Whelan2015","Strongylocentrotus_purpuratus","Bilateria","Dataset10_CertainPruned_LBAtaxa_LBAandHeteroGenesPruned","Strongylocentrotus_purpuratus"
"Whelan2015","Tubulanus_polymorphus","Bilateria","Dataset10_CertainPruned_LBAtaxa_LBAandHeteroGenesPruned","Tubulanus_polymorphus"
"Whelan2015","Abylopsis_tetragona","Cnidaria","Dataset10_CertainPruned_LBAtaxa_LBAandHeteroGenesPruned","Abylopsis_tetragona"
"Whelan2015","Acropora_digitifera","Cnidaria","Dataset10_CertainPruned_LBAtaxa_LBAandHeteroGenesPruned","Acropora_digitifera"
"Whelan2015","Agalma_elegans","Cnidaria","Dataset10_CertainPruned_LBAtaxa_LBAandHeteroGenesPruned","Agalma_elegans"
"Whelan2015","Aiptasia_pallida","Cnidaria","Dataset10_CertainPruned_LBAtaxa_LBAandHeteroGenesPruned","Aiptasia_pallida"
"Whelan2015","Aurelia_aurita","Cnidaria","Dataset10_CertainPruned_LBAtaxa_LBAandHeteroGenesPruned","Aurelia_aurita"
"Whelan2015","Bolocera_tuediae","Cnidaria","Dataset10_CertainPruned_LBAtaxa_LBAandHeteroGenesPruned","Bolocera_tuediae"
"Whelan2015","Craseoa_lathetica","Cnidaria","Dataset10_CertainPruned_LBAtaxa_LBAandHeteroGenesPruned","Craseoa_lathetica"
"Whelan2015","Eunicella_verrucosa","Cnidaria","Dataset10_CertainPruned_LBAtaxa_LBAandHeteroGenesPruned","Eunicella_verrucosa"
"Whelan2015","Hormathia_digitata","Cnidaria","Dataset10_CertainPruned_LBAtaxa_LBAandHeteroGenesPruned","Hormathia_digitata"
"Whelan2015","Hydra_oligactis","Cnidaria","Dataset10_CertainPruned_LBAtaxa_LBAandHeteroGenesPruned","Hydra_oligactis"
"Whelan2015","Hydra_viridissima","Cnidaria","Dataset10_CertainPruned_LBAtaxa_LBAandHeteroGenesPruned","Hydra_viridissima"
"Whelan2015","Hydra_vulgaris","Cnidaria","Dataset10_CertainPruned_LBAtaxa_LBAandHeteroGenesPruned","Hydra_vulgaris"
"Whelan2015","Nanomia_bijuga","Cnidaria","Dataset10_CertainPruned_LBAtaxa_LBAandHeteroGenesPruned","Nanomia_bijuga"
"Whelan2015","Nematostella_vectensis","Cnidaria","Dataset10_CertainPruned_LBAtaxa_LBAandHeteroGenesPruned","Nematostella_vectensis"
"Whelan2015","Periphylla_periphylla","Cnidaria","Dataset10_CertainPruned_LBAtaxa_LBAandHeteroGenesPruned","Periphylla_periphylla"
"Whelan2015","Physalia_physalis","Cnidaria","Dataset10_CertainPruned_LBAtaxa_LBAandHeteroGenesPruned","Physalia_physalis"
"Whelan2015","Platygyra_carnosa","Cnidaria","Dataset10_CertainPruned_LBAtaxa_LBAandHeteroGenesPruned","Platygyra_carnosa"
"Whelan2015","Beroe_abyssicola","Ctenophora","Dataset10_CertainPruned_LBAtaxa_LBAandHeteroGenesPruned","Beroe_abyssicola"
"Whelan2015","Bolinopsis_infundibulum","Ctenophora","Dataset10_CertainPruned_LBAtaxa_LBAandHeteroGenesPruned","Bolinopsis_infundibulum"
"Whelan2015","Coeloplana_astericola","Ctenophora","Dataset10_CertainPruned_LBAtaxa_LBAandHeteroGenesPruned","Coeloplana_astericola"
"Whelan2015","Dryodora_glandiformis","Ctenophora","Dataset10_CertainPruned_LBAtaxa_LBAandHeteroGenesPruned","Dryodora_glandiformis"
"Whelan2015","Euplokamis_dunlapae","Ctenophora","Dataset10_CertainPruned_LBAtaxa_LBAandHeteroGenesPruned","Euplokamis_dunlapae"
"Whelan2015","Mertensiidae_sp","Ctenophora","Dataset10_CertainPruned_LBAtaxa_LBAandHeteroGenesPruned","Mertensiidae_sp"
"Whelan2015","Mnemiopsis_leidyi","Ctenophora","Dataset10_CertainPruned_LBAtaxa_LBAandHeteroGenesPruned","Mnemiopsis_leidyi"
"Whelan2015","Pleurobrachia_bachei","Ctenophora","Dataset10_CertainPruned_LBAtaxa_LBAandHeteroGenesPruned","Pleurobrachia_bachei"
"Whelan2015","Pleurobrachia_atlantica","Ctenophora","Dataset10_CertainPruned_LBAtaxa_LBAandHeteroGenesPruned","Pleurobrachia_pileus"
"Whelan2015","Vallicula_sp","Ctenophora","Dataset10_CertainPruned_LBAtaxa_LBAandHeteroGenesPruned","Vallicula_sp"
"Whelan2015","Allomyces_macrogynus","Outgroup","Dataset10_CertainPruned_LBAtaxa_LBAandHeteroGenesPruned","Allomyces_macrogynus"
"Whelan2015","Amoebidium_parasiticum","Outgroup","Dataset10_CertainPruned_LBAtaxa_LBAandHeteroGenesPruned","Amoebidium_parasiticum"
"Whelan2015","Capsaspora_owczarzaki","Outgroup","Dataset10_CertainPruned_LBAtaxa_LBAandHeteroGenesPruned","Capsaspora_owczarzaki"
"Whelan2015","Ministeria_vibrans","Outgroup","Dataset10_CertainPruned_LBAtaxa_LBAandHeteroGenesPruned","Ministeria_vibrans"
"Whelan2015","Monosiga_ovata","Outgroup","Dataset10_CertainPruned_LBAtaxa_LBAandHeteroGenesPruned","Monosiga_ovata"
"Whelan2015","Mortierella_verticillata","Outgroup","Dataset10_CertainPruned_LBAtaxa_LBAandHeteroGenesPruned","Mortierella_verticillata"
"Whelan2015","Rhizopus_oryzae","Outgroup","Dataset10_CertainPruned_LBAtaxa_LBAandHeteroGenesPruned","Rhizopus_oryzae"
"Whelan2015","Salpingoeca_rosetta","Outgroup","Dataset10_CertainPruned_LBAtaxa_LBAandHeteroGenesPruned","Salpingoeca_rosetta"
"Whelan2015","Sphaeroforma_arctica","Outgroup","Dataset10_CertainPruned_LBAtaxa_LBAandHeteroGenesPruned","Sphaeroforma_arctica"
"Whelan2015","Spizellomyces_punctatus","Outgroup","Dataset10_CertainPruned_LBAtaxa_LBAandHeteroGenesPruned","Spizellomyces_punctatus"
"Whelan2015","Trichoplax_adhaerens","Placozoa","Dataset10_CertainPruned_LBAtaxa_LBAandHeteroGenesPruned","Trichoplax_adhaerens"
"Whelan2015","Amphimedon_queenslandica","Porifera","Dataset10_CertainPruned_LBAtaxa_LBAandHeteroGenesPruned","Amphimedon_queenslandica"
"Whelan2015","Aphrocallistes_vastus","Porifera","Dataset10_CertainPruned_LBAtaxa_LBAandHeteroGenesPruned","Aphrocallistes_vastus"
"Whelan2015","Chondrilla_nucula","Porifera","Dataset10_CertainPruned_LBAtaxa_LBAandHeteroGenesPruned","Chondrilla_nucula"
"Whelan2015","Corticium_candelabrum","Porifera","Dataset10_CertainPruned_LBAtaxa_LBAandHeteroGenesPruned","Corticium_candelabrum"
"Whelan2015","Crella_elegans","Porifera","Dataset10_CertainPruned_LBAtaxa_LBAandHeteroGenesPruned","Crella_elegans"
"Whelan2015","Ephydatia_muelleri","Porifera","Dataset10_CertainPruned_LBAtaxa_LBAandHeteroGenesPruned","Ephydatia_muelleri"
"Whelan2015","Hyalonema_populiferum","Porifera","Dataset10_CertainPruned_LBAtaxa_LBAandHeteroGenesPruned","Hyalonema_populiferum"
"Whelan2015","Ircinia_fasciculata","Porifera","Dataset10_CertainPruned_LBAtaxa_LBAandHeteroGenesPruned","Ircinia_fasciculata"
"Whelan2015","Kirkpatrickia_variolosa","Porifera","Dataset10_CertainPruned_LBAtaxa_LBAandHeteroGenesPruned","Kirkpatrickia_variolosa"
"Whelan2015","Latrunculia_apicalis","Porifera","Dataset10_CertainPruned_LBAtaxa_LBAandHeteroGenesPruned","Latrunculia_apicalis"
"Whelan2015","Oscarella_carmela","Porifera","Dataset10_CertainPruned_LBAtaxa_LBAandHeteroGenesPruned","Oscarella_carmela"
"Whelan2015","Petrosia_ficiformis","Porifera","Dataset10_CertainPruned_LBAtaxa_LBAandHeteroGenesPruned","Petrosia_ficiformis"
"Whelan2015","Pseudospongosorites_suberitoides","Porifera","Dataset10_CertainPruned_LBAtaxa_LBAandHeteroGenesPruned","Pseudospongosorites_suberitoides"
"Whelan2015","Rossella_fibulata","Porifera","Dataset10_CertainPruned_LBAtaxa_LBAandHeteroGenesPruned","Rossella_fibulata"
"Whelan2015","Spongilla_alba","Porifera","Dataset10_CertainPruned_LBAtaxa_LBAandHeteroGenesPruned","Spongilla_lacustris"
"Whelan2015","Sycon_ciliatum","Porifera","Dataset10_CertainPruned_LBAtaxa_LBAandHeteroGenesPruned","Sycon_ciliatum"
"Whelan2015","Sycon_coactum","Porifera","Dataset10_CertainPruned_LBAtaxa_LBAandHeteroGenesPruned","Sycon_coactum"
"Whelan2015","Sympagella_nux","Porifera","Dataset10_CertainPruned_LBAtaxa_LBAandHeteroGenesPruned","Sympagella_nux"
"Whelan2015","Tethya_wilhelma","Porifera","Dataset10_CertainPruned_LBAtaxa_LBAandHeteroGenesPruned","Tethya_wilhelma"
"Whelan2017","Capitella_teleta","Bilateria","Metazoa_Choano_RCFV_strict","Capitella_teleta"
"Whelan2017","Daphnia_pulex","Bilateria","Metazoa_Choano_RCFV_strict","Daphnia_pulex"
"Whelan2017","Drosophila_melanogaster","Bilateria","Metazoa_Choano_RCFV_strict","Drosophila_melanogaster"
"Whelan2017","Hemithris_psittacea","Bilateria","Metazoa_Choano_RCFV_strict","Hemithiris_psittacea"
"Whelan2017","Homo_sapiens","Bilateria","Metazoa_Choano_RCFV_strict","Homo_sapiens"
"Whelan2017","Strongylocentrotus_purpatus","Bilateria","Metazoa_Choano_RCFV_strict","Strongylocentrotus_purpuratus"
"Whelan2017","Abylopsis_tetragona","Cnidaria","Metazoa_Choano_RCFV_strict","Abylopsis_tetragona"
"Whelan2017","Acropora_digitifera","Cnidaria","Metazoa_Choano_RCFV_strict","Acropora_digitifera"
"Whelan2017","Agalma_elegans","Cnidaria","Metazoa_Choano_RCFV_strict","Agalma_elegans"
"Whelan2017","Aiptasia_pallida","Cnidaria","Metazoa_Choano_RCFV_strict","Aiptasia_pallida"
"Whelan2017","Bolocera_tuediae","Cnidaria","Metazoa_Choano_RCFV_strict","Bolocera_tuediae"
"Whelan2017","Craseo_lathetica","Cnidaria","Metazoa_Choano_RCFV_strict","Craseoa_lathetica"
"Whelan2017","Eunicella_verrucosa","Cnidaria","Metazoa_Choano_RCFV_strict","Eunicella_verrucosa"
"Whelan2017","Hormathia_digitata","Cnidaria","Metazoa_Choano_RCFV_strict","Hormathia_digitata"
"Whelan2017","Hydra_oligactis","Cnidaria","Metazoa_Choano_RCFV_strict","Hydra_oligactis"
"Whelan2017","Hydra_viridissima","Cnidaria","Metazoa_Choano_RCFV_strict","Hydra_viridissima"
"Whelan2017","Hydra_vulgaris","Cnidaria","Metazoa_Choano_RCFV_strict","Hydra_vulgaris"
"Whelan2017","Nanomia_bijuga","Cnidaria","Metazoa_Choano_RCFV_strict","Nanomia_bijuga"
"Whelan2017","Nematostella_vectensis","Cnidaria","Metazoa_Choano_RCFV_strict","Nematostella_vectensis"
"Whelan2017","Periphyla_periphyla","Cnidaria","Metazoa_Choano_RCFV_strict","Periphylla_periphylla"
"Whelan2017","Physalia_physalia","Cnidaria","Metazoa_Choano_RCFV_strict","Physalia_physalis"
"Whelan2017","Beroe_abyssicola","Ctenophora","Metazoa_Choano_RCFV_strict","Beroe_abyssicola"
"Whelan2017","Beroe_forskalii","Ctenophora","Metazoa_Choano_RCFV_strict","Beroe_forskalii"
"Whelan2017","Beroe_ovata","Ctenophora","Metazoa_Choano_RCFV_strict","Beroe_ovata"
"Whelan2017","Beroe_sp_Antarctica","Ctenophora","Metazoa_Choano_RCFV_strict","Beroe_sp_Antarctica"
"Whelan2017","Beroe_sp_Queensland_Australia","Ctenophora","Metazoa_Choano_RCFV_strict","Beroe_sp_Queensland_Australia"
"Whelan2017","Bolinopsis_ashleyi","Ctenophora","Metazoa_Choano_RCFV_strict","Bolinopsis_ashleyi"
"Whelan2017","Bolinopsis_infundibulum","Ctenophora","Metazoa_Choano_RCFV_strict","Bolinopsis_infundibulum"
"Whelan2017","Callianira_Antarctica","Ctenophora","Metazoa_Choano_RCFV_strict","Callianira_Antarctica"
"Whelan2017","Cestum_veneris","Ctenophora","Metazoa_Choano_RCFV_strict","Cestum_veneris"
"Whelan2017","Coeloplana_astericola","Ctenophora","Metazoa_Choano_RCFV_strict","Coeloplana_astericola"
"Whelan2017","Ctenophora_sp_Florida_USA","Ctenophora","Metazoa_Choano_RCFV_strict","Ctenophora_sp_Florida_USA"
"Whelan2017","Cydippida_sp","Ctenophora","Metazoa_Choano_RCFV_strict","Cydippida_sp"
"Whelan2017","Cydippida_sp_Maryland_USA","Ctenophora","Metazoa_Choano_RCFV_strict","Cydippida_sp_Maryland_USA"
"Whelan2017","Dryodora_glandiformis","Ctenophora","Metazoa_Choano_RCFV_strict","Dryodora_glandiformis"
"Whelan2017","Euplokamis_dunlapae","Ctenophora","Metazoa_Choano_RCFV_strict","Euplokamis_dunlapae"
"Whelan2017","Eurhamphaea_vexilligera","Ctenophora","Metazoa_Choano_RCFV_strict","Eurhamphaea_vexilligera"
"Whelan2017","Hormiphora_californica","Ctenophora","Metazoa_Choano_RCFV_strict","Hormiphora_californensis"
"Whelan2017","Hormiphora_palmata","Ctenophora","Metazoa_Choano_RCFV_strict","Hormiphora_palmata"
"Whelan2017","Lobata_sp_Punta_Arenas_Argentina","Ctenophora","Metazoa_Choano_RCFV_strict","Lobata_sp_Punta_Arenas_Argentina"
"Whelan2017","Lobatolampea_tetragona","Ctenophora","Metazoa_Choano_RCFV_strict","Lobatolampea_tetragona"
"Whelan2017","Mertensiidae_sp_Antarctica","Ctenophora","Metazoa_Choano_RCFV_strict","Mertensiidae_sp_Antarctica"
"Whelan2017","Mertensiidae_sp_Washington_USA","Ctenophora","Metazoa_Choano_RCFV_strict","Mertensiidae_sp_Washington_USA"
"Whelan2017","Mnemiopsis_leidyi","Ctenophora","Metazoa_Choano_RCFV_strict","Mnemiopsis_leidyi"
"Whelan2017","Ocyropsis_crystallina","Ctenophora","Metazoa_Choano_RCFV_strict","Ocyropsis_crystallina"
"Whelan2017","Ocyropsis_sp_Bimini_Bahamas","Ctenophora","Metazoa_Choano_RCFV_strict","Ocyropsis_sp_Bimini_Bahamas"
"Whelan2017","Ocyropsis_sp_Florida_USA","Ctenophora","Metazoa_Choano_RCFV_strict","Ocyropsis_sp_Florida_USA"
"Whelan2017","Pleurobrachia_bachei","Ctenophora","Metazoa_Choano_RCFV_strict","Pleurobrachia_bachei"
"Whelan2017","Pleurobrachia_pileus","Ctenophora","Metazoa_Choano_RCFV_strict","Pleurobrachia_pileus"
"Whelan2017","Pleurobrachia_sp_South_Carolina_USA","Ctenophora","Metazoa_Choano_RCFV_strict","Pleurobrachia_sp_South_Carolina_USA"
"Whelan2017","Vallicula_sp","Ctenophora","Metazoa_Choano_RCFV_strict","Vallicula_sp"
"Whelan2017","Acanthoeca_sp","Outgroup","Metazoa_Choano_RCFV_strict","Acanthoeca_sp"
"Whelan2017","Monosiga_brevicolis","Outgroup","Metazoa_Choano_RCFV_strict","Monosiga_brevicollis"
"Whelan2017","Monosiga_ovata","Outgroup","Metazoa_Choano_RCFV_strict","Monosiga_ovata"
"Whelan2017","Salpingoeca_pyxidium","Outgroup","Metazoa_Choano_RCFV_strict","Salpingoeca_pyxidium"
"Whelan2017","Salpingoeca_rosetta","Outgroup","Metazoa_Choano_RCFV_strict","Salpingoeca_rosetta"
"Whelan2017","Trichoplax_adhaerens","Placozoa","Metazoa_Choano_RCFV_strict","Trichoplax_adhaerens"
"Whelan2017","Amphimedon_queenslandica","Porifera","Metazoa_Choano_RCFV_strict","Amphimedon_queenslandica"
"Whelan2017","Aphrocallistes_vastus","Porifera","Metazoa_Choano_RCFV_strict","Aphrocallistes_vastus"
"Whelan2017","Chondrilla_nucula","Porifera","Metazoa_Choano_RCFV_strict","Chondrilla_nucula"
"Whelan2017","Cliona_varians","Porifera","Metazoa_Choano_RCFV_strict","Cliona_varians"
"Whelan2017","Corticium_candelabrum","Porifera","Metazoa_Choano_RCFV_strict","Corticium_candelabrum"
"Whelan2017","Crella_elegans","Porifera","Metazoa_Choano_RCFV_strict","Crella_elegans"
"Whelan2017","Hyalonema_populiferum","Porifera","Metazoa_Choano_RCFV_strict","Hyalonema_populiferum"
"Whelan2017","Ircinia_fasciculata","Porifera","Metazoa_Choano_RCFV_strict","Ircinia_fasciculata"
"Whelan2017","Kirkpatrickia_variolosa","Porifera","Metazoa_Choano_RCFV_strict","Kirkpatrickia_variolosa"
"Whelan2017","Latrunculia_apicalis","Porifera","Metazoa_Choano_RCFV_strict","Latrunculia_apicalis"
"Whelan2017","Mycale_phylophylla","Porifera","Metazoa_Choano_RCFV_strict","Mycale_phyllophila"
"Whelan2017","Oscarella_carmela","Porifera","Metazoa_Choano_RCFV_strict","Oscarella_carmela"
"Whelan2017","Petrosia_ficiformis","Porifera","Metazoa_Choano_RCFV_strict","Petrosia_ficiformis"
"Whelan2017","Pseudospongosorites_suberitoides","Porifera","Metazoa_Choano_RCFV_strict","Pseudospongosorites_suberitoides"
"Whelan2017","Rossella_fibulata","Porifera","Metazoa_Choano_RCFV_strict","Rossella_fibulata"
"Whelan2017","Spongilla_lacustris","Porifera","Metazoa_Choano_RCFV_strict","Spongilla_lacustris"
"Whelan2017","Sycon_ciliatum","Porifera","Metazoa_Choano_RCFV_strict","Sycon_ciliatum"
"Whelan2017","Sycon_coactum","Porifera","Metazoa_Choano_RCFV_strict","Sycon_coactum"
"Whelan2017","Sympagella_nux","Porifera","Metazoa_Choano_RCFV_strict","Sympagella_nux"
